,userAcceleration.x,userAcceleration.y,userAcceleration.z
0,-0.851096,0.755418,0.545379
1,-0.332683,0.453061,0.106508
2,-0.327393,0.388035,0.350729
3,-0.366002,0.394563,0.382195
4,-0.137035,-0.114868,0.699303
5,-0.057451,-0.286522,0.596667
6,-0.389709,-0.474291,0.268297
7,-0.356795,-0.553354,0.473579
8,-0.288025,-0.652932,0.518328
9,-0.362292,-0.653851,0.57775
10,-0.429915,-0.773323,0.806184
11,-0.448286,-0.809888,0.882715
12,-0.374242,-0.773169,0.79406
13,-0.199173,-0.680106,0.591824
14,0.301029,-0.26843,-0.416492
15,0.399141,0.084039,-0.925727
16,0.429104,1.699794,-1.358787
17,0.202531,0.704902,-0.044475
18,0.092813,0.099274,-0.040544
19,0.317022,-0.432723,-0.181783
20,0.212219,-0.06685,0.293974
21,0.27834,0.424702,0.762721
22,-0.90199,2.035563,-0.789739
23,-1.060203,-1.32868,0.747048
24,-1.041416,-1.459746,0.943524
25,-0.700006,-0.21973,1.120812
26,-0.808655,0.436192,0.409892
27,-0.49513,0.420172,0.485837
28,0.026243,0.775436,0.671104
29,0.705858,0.49018,0.382445
30,0.452456,0.023603,0.068128
31,0.169516,-0.098702,0.121744
32,0.003882,-0.166405,0.343013
33,-0.021971,-0.261691,0.324053
34,0.017238,-0.263213,0.03218
35,0.017799,-0.265385,-0.013697
36,-0.22352,-0.311155,-0.172337
37,-0.165212,-0.235473,-0.233921
38,-0.131327,-0.106979,-0.303179
39,0.153893,-0.016635,0.057291
40,0.436202,0.035919,-0.079122
41,0.438351,0.029717,-0.3972
42,0.289843,0.175365,-0.323789
43,0.325068,0.368916,0.100673
44,0.325094,0.303373,-0.018874
45,0.222941,0.390765,-0.235481
46,0.431094,0.535779,-0.492096
47,0.484338,0.586105,-0.34865
48,0.478064,0.646827,-0.296618
49,0.194425,0.536009,-0.211206
50,-0.424629,0.25049,0.317476
51,-0.539077,0.504106,0.645358
52,-0.736963,0.801493,0.922816
53,-0.665396,0.6952,-0.045413
54,-0.563433,0.569684,-0.086477
55,-0.274878,0.569157,0.298804
56,-0.155195,0.049581,0.482322
57,-0.050409,-0.014399,0.743032
58,-0.010373,-0.174448,0.52404
59,-0.389451,-0.54241,0.40007
60,-0.361856,-0.609532,0.513836
61,-0.3235,-0.733683,0.556964
62,-0.366058,-0.842174,0.725833
63,-0.384971,-0.877621,0.820352
64,-0.39799,-0.880716,0.920313
65,-0.216026,-0.752386,0.651941
66,-0.128882,-0.711107,0.519575
67,0.02321,-0.467092,-0.200205
68,0.193638,1.471919,-1.182522
69,0.316909,2.387258,-1.211258
70,0.440411,0.964973,-0.39422
71,0.083263,-0.379581,-0.192369
72,0.100979,-0.386292,-0.167904
73,0.146919,0.62756,0.689714
74,-0.553901,2.779734,-0.56565
75,-0.931017,2.034918,-0.677097
76,-1.042133,-1.661958,1.234282
77,-0.840707,-1.068165,1.385793
78,-0.749933,0.443784,0.618318
79,-0.372192,0.576159,0.638503
80,-0.034487,0.825006,0.650087
81,0.422141,0.904352,0.701637
82,0.574988,0.134132,0.163658
83,0.066453,-0.102536,-0.007199
84,0.100186,-0.099576,0.082019
85,0.035794,-0.307732,0.299341
86,0.014467,-0.326242,0.163324
87,0.081001,-0.278589,0.080631
88,-0.050531,-0.330922,-0.000943
89,-0.16866,-0.229643,-0.188435
90,-0.203513,-0.191086,-0.386246
91,0.040697,-0.119566,-0.047751
92,0.352621,0.012576,0.059603
93,0.434792,0.041584,-0.086201
94,0.463801,0.080769,-0.504973
95,0.361053,0.374279,0.154777
96,0.378014,0.380751,0.15408
97,0.276721,0.317285,0.001574
98,0.162093,0.567884,-0.236279
99,0.384082,0.655364,-0.254001
100,0.529653,0.840914,-0.059037
101,0.110091,0.813707,-0.409506
102,-0.40358,0.173618,-0.054696
103,-0.494509,0.203251,0.352283
104,-0.592945,0.671628,0.662121
105,-0.653368,0.672507,0.520736
106,-0.609753,0.518028,0.028971
107,-0.460894,0.423361,0.267412
108,-0.455481,0.325676,0.468458
109,-0.184751,0.059301,0.516054
110,-0.046775,-0.198135,0.424701
111,-0.283968,-0.331632,0.221238
112,-0.386087,-0.548118,0.366623
113,-0.293233,-0.624532,0.524641
114,-0.32767,-0.655,0.565344
115,-0.354963,-0.729187,0.810297
116,-0.397876,-0.749964,0.880478
117,-0.369171,-0.733172,0.82511
118,-0.199381,-0.675026,0.595398
119,-0.043565,-0.64428,0.360789
120,0.354017,0.12391,-0.76927
121,0.524187,1.654495,-1.19071
122,0.492069,1.462039,-0.641257
123,0.387812,0.643721,-0.361388
124,0.2552,-0.380367,-0.187268
125,0.079038,-0.323508,0.155451
126,-0.257348,1.91491,0.155977
127,-0.752514,0.759638,0.098047
128,-0.94115,-1.82274,0.993714
129,-0.83034,-1.239376,1.270709
130,-0.760196,0.250963,0.933388
131,-0.75295,0.597174,0.428628
132,-0.327331,0.435187,0.420018
133,0.449365,0.525105,0.571887
134,0.51318,0.292336,0.37172
135,0.463548,0.130702,0.206152
136,0.273465,-0.041944,0.224761
137,0.044223,-0.316979,0.2792
138,-0.049859,-0.383575,0.177241
139,-0.067506,-0.278199,0.036533
140,-0.193249,-0.377038,-0.040156
141,-0.201047,-0.402075,-0.102334
142,-0.228338,-0.324548,-0.355618
143,0.264725,-0.130592,0.164892
144,0.425223,0.017636,0.097872
145,0.423106,0.111196,-0.230896
146,0.235598,0.173849,-0.348441
147,0.135148,0.245671,-0.285373
148,0.28942,0.367971,0.156745
149,0.177895,0.352388,-0.16658
150,0.13637,0.476346,-0.382282
151,0.367669,0.628188,-0.545976
152,0.453919,0.820698,-0.380654
153,0.437622,0.75339,-0.294622
154,0.048227,0.201856,-0.091984
155,-0.583615,0.467096,0.513767
156,-0.658161,0.643046,0.685125
157,-0.79692,0.80625,0.674663
158,-0.554446,0.59462,-0.107929
159,-0.497079,0.65453,0.060378
160,-0.303836,0.318675,0.568824
161,-0.335114,0.136034,0.648109
162,-0.208665,-0.036301,0.663201
163,-0.31333,-0.404475,0.371753
164,-0.367977,-0.579793,0.515821
165,-0.290753,-0.6674,0.613164
166,-0.417709,-0.822236,0.618592
167,-0.371987,-0.847237,0.83658
168,-0.356816,-0.853681,0.997979
169,-0.263885,-0.846301,0.922683
170,-0.082116,-0.760536,0.544745
171,0.119913,-0.466873,-0.141418
172,0.248241,0.698142,-1.096732
173,0.573306,1.931585,-0.920125
174,0.288488,0.751541,-0.338631
175,0.151296,-0.117227,-0.437418
176,0.105485,-0.19775,-0.132449
177,-0.032013,-0.033299,0.103502
178,-0.241306,2.262079,-0.398767
179,-0.36913,0.037449,0.806062
180,-0.929597,-1.726443,1.449713
181,-0.676445,-0.567643,1.481742
182,-0.810342,0.379618,0.95781
183,-0.782678,0.632194,0.430937
184,-0.369609,0.505788,0.418229
185,0.421831,0.412963,0.539293
186,0.546053,0.263644,0.447303
187,0.314843,0.021251,0.106915
188,0.182284,-0.064083,0.364731
189,0.120146,-0.244894,0.24456
190,0.004935,-0.327154,0.155172
191,0.062662,-0.271274,0.061903
192,0.043073,-0.367675,0.005038
193,-0.150337,-0.356132,-0.20945
194,-0.289058,-0.176876,-0.437579
195,-0.072319,-0.125604,-0.161542
196,0.363676,-0.069757,0.161206
197,0.359916,0.0947,-0.182394
198,0.428273,0.090228,-0.37491
199,0.231514,0.277256,-0.225987
200,0.345841,0.391488,0.198794
201,0.316233,0.378685,0.188761
202,0.151892,0.584525,-0.45953
203,0.299452,0.614565,-0.450981
204,0.460694,0.678224,-0.44109
205,0.356583,0.663541,-0.18832
206,0.081227,0.293163,-0.004307
207,-0.220421,0.113848,0.190788
208,-0.570431,0.882526,0.832668
209,-0.622533,0.822541,0.443058
210,-0.610975,0.68412,-0.073535
211,-0.502791,0.581955,0.248098
212,-0.440795,0.348694,0.470832
213,-0.348738,0.093866,0.536363
214,-0.131805,-0.114833,0.716259
215,-0.157782,-0.343437,0.434899
216,-0.294414,-0.526142,0.433455
217,-0.215445,-0.716933,0.550377
218,-0.253722,-0.779203,0.615117
219,-0.325377,-0.823861,0.750598
220,-0.323359,-0.828819,0.936217
221,-0.310434,-0.839337,0.950273
222,-0.123869,-0.803956,0.636506
223,0.035892,-0.593226,0.042433
224,0.071625,0.245762,-0.762796
225,0.340091,1.803332,-1.28745
226,0.352163,1.018014,-0.520607
227,0.280548,-0.135926,-0.329807
228,0.174206,-0.244732,-0.446111
229,-0.168433,1.048495,0.556902
230,-0.386742,3.105909,-0.348718
231,-0.534578,-0.942739,1.111426
232,-1.00672,-1.273337,1.482512
233,-0.782023,0.145896,1.630791
234,-0.901152,0.787734,0.682054
235,-0.518423,0.743232,0.565863
236,0.081124,0.773007,0.722889
237,0.35392,0.707304,0.682493
238,0.547331,0.224255,0.296677
239,0.179869,-0.032269,0.041899
240,0.140192,-0.041441,0.133189
241,0.110428,-0.209444,0.338137
242,-0.01748,-0.269199,0.228172
243,0.025416,-0.248906,0.136747
244,0.04489,-0.320608,0.015986
245,-0.34995,-0.255735,-0.346124
246,-0.448571,-0.20549,-0.551083
247,0.023515,-0.168728,0.169856
248,0.283056,-0.166474,0.276194
249,0.483654,0.078654,-0.394689
250,0.341629,0.169214,-0.535423
251,0.244698,0.387224,-0.16701
252,0.270708,0.407313,0.007289
253,0.277837,0.320494,-0.196062
254,0.192712,0.530005,-0.546514
255,0.249474,0.560797,-0.703599
256,0.673874,0.578642,-0.353896
257,0.509178,0.644974,-0.15019
258,0.32563,0.408272,0.051447
259,-0.514849,0.517896,0.55367
260,-0.703201,0.890389,0.865056
261,-0.792577,1.048705,0.805237
262,-0.669405,0.778809,-0.022349
263,-0.521564,0.665437,0.282387
264,-0.609573,0.566966,0.461837
265,-0.112884,0.166053,0.739346
266,-0.469496,-0.250394,0.245893
267,-0.5018,-0.234855,0.282964
268,-0.359089,-0.658343,0.64585
269,-0.162099,-0.715748,0.71546
270,-0.195504,-0.73362,0.719615
271,-0.357986,-0.942383,0.891146
272,-0.366262,-1.015649,1.032468
273,-0.204813,-0.97273,0.875233
274,-0.055816,-0.846074,0.451313
275,0.173704,-0.318632,-0.212893
276,0.18208,1.00289,-1.001468
277,0.440243,1.712541,-0.944144
278,0.317918,0.612725,-0.247698
279,0.183828,0.200699,-0.257442
280,0.179239,-0.323146,-0.103597
281,-0.760199,1.16325,0.241028
282,-0.876645,1.911582,-0.39736
283,-0.466928,0.731581,0.662652
284,-0.886985,-1.480206,1.203311
285,-0.543714,-0.473381,1.518479
286,-0.587413,0.205244,0.867287
287,-0.343207,0.340178,0.757837
288,-0.23962,0.446097,0.699236
289,0.083566,0.696686,0.812499
290,0.368969,0.124578,0.26531
291,0.398038,0.111121,0.02538
292,0.213081,-0.009427,-0.261774
293,0.207672,-0.205097,0.388657
294,0.254056,-0.234835,0.494345
295,0.148235,-0.39785,0.277748
296,-0.072699,-0.437186,-0.08409
297,-0.276714,-0.309468,-0.298089
298,-0.404594,-0.235398,-0.485007
299,-0.057088,-0.149288,0.004809
300,0.362559,-0.017031,0.211958
301,0.572528,0.197622,-0.49132
302,0.32284,0.060592,-0.525015
303,0.127574,0.221597,-0.309275
304,0.263465,0.427074,0.141637
305,0.265271,0.531642,-0.189776
306,0.318541,0.675767,-0.26048
307,0.564646,0.814366,-0.179123
308,0.165641,0.96442,-0.359242
309,-0.353826,0.193012,-0.129702
310,-0.378144,0.337028,0.309554
311,-0.464039,0.567314,0.664651
312,-0.498848,0.666024,1.067794
313,-0.725376,0.695184,-0.387898
314,-0.672194,0.547172,-0.009161
315,-0.545906,0.339431,0.668103
316,-0.389002,-0.10862,0.63622
317,-0.250147,-0.328696,0.879403
318,0.015984,-0.429233,0.722835
319,-0.008534,-0.507832,0.527197
320,0.001001,-0.632729,0.538443
321,-0.095419,-0.68501,0.659696
322,-0.262673,-0.759625,0.910732
323,-0.323362,-0.828334,1.064925
324,-0.231883,-0.875769,1.023183
325,0.068686,-0.825568,0.622952
326,0.306534,-0.494018,-0.237615
327,0.099396,0.549481,-1.235209
328,0.082458,2.14885,-1.387242
329,0.177094,0.538705,0.033805
330,-0.097676,-0.083187,0.024803
331,0.120867,-0.568179,-0.184483
332,-0.644513,0.098604,1.25531
333,-1.319648,1.024257,1.093063
334,-1.63128,3.31073,-1.533457
335,-0.130466,-1.449035,1.53724
336,-0.313779,-1.046121,1.578384
337,-0.354603,-0.234455,1.014251
338,-0.576632,0.49494,0.664038
339,-0.600008,0.903916,0.58446
340,-0.03428,0.984803,0.749111
341,0.690806,0.367077,0.023715
342,0.586675,0.04661,-0.059524
343,0.236816,-0.192413,0.326163
344,0.146005,-0.283896,0.538251
345,0.1297,-0.35908,0.260127
346,-0.115893,-0.49221,-0.025268
347,-0.416456,-0.311183,-0.440763
348,-0.515162,-0.272882,-0.595983
349,-0.158468,-0.141477,-0.380507
350,0.264485,-0.129128,0.174268
351,0.334426,-0.128923,0.078285
352,0.449353,0.235061,-0.535026
353,0.195276,0.295011,-0.248505
354,0.166706,0.43426,0.052041
355,0.173137,0.444597,-0.045397
356,0.154307,0.508733,-0.300113
357,0.290046,0.624417,-0.781375
358,0.538545,0.755588,-0.292807
359,0.455796,0.647351,-0.06196
360,0.20721,0.416798,0.125771
361,-0.46004,0.599702,0.899366
362,-0.616703,0.859884,1.07248
363,-0.720249,0.976276,0.773806
364,-0.64261,0.736909,-0.056271
365,-0.56494,0.729608,0.478488
366,-0.554061,0.481908,0.580765
367,-0.129946,-0.129973,0.822957
368,0.09194,-0.192939,0.68057
369,-0.222382,-0.511786,0.418912
370,-0.104039,-0.79197,0.762215
371,-0.100703,-0.860824,0.804136
372,-0.175188,-0.837201,1.007432
373,-0.294481,-0.811085,1.174021
374,-0.216695,-0.812709,1.069902
375,-0.11819,-0.812272,0.654497
376,-0.010948,-0.46978,0.166846
377,-0.023646,0.732571,-0.764054
378,0.448831,2.322483,-1.244268
379,0.48546,0.649275,-0.580559
380,0.338817,-0.254915,-0.186311
381,0.264436,-0.266642,-0.265009
382,0.075134,0.024491,0.438769
383,-0.508532,1.902937,0.414442
384,-0.988534,3.035646,-0.625162
385,-0.863273,-2.258963,1.783283
386,-0.85083,-0.953676,1.523907
387,-0.835748,0.282208,1.143854
388,-0.558387,0.597805,0.455011
389,-0.178673,0.779846,0.796044
390,0.086938,0.992122,0.942047
391,0.57355,0.455525,0.381302
392,0.573121,0.05837,-0.091471
393,0.404568,-0.068614,0.114231
394,0.2571,-0.25218,0.42834
395,0.134493,-0.293199,0.224495
396,0.064909,-0.40015,0.176853
397,-0.04095,-0.329522,-0.038741
398,-0.509161,-0.338612,-0.393444
399,-0.664459,-0.314809,-0.604561
400,-0.119385,-0.150125,0.073472
401,0.47469,-0.000902,0.0269
402,0.603114,0.144443,-0.248784
403,0.652308,0.14016,-0.487905
404,0.105455,0.438881,0.006795
405,0.261121,0.445365,0.197419
406,0.225754,0.382185,-0.172676
407,0.186383,0.470258,-0.395486
408,0.535846,0.654941,-0.412544
409,0.610791,0.79327,-0.231495
410,0.372356,0.798301,-0.23403
411,-0.316631,0.111716,0.242547
412,-0.611128,0.643679,0.854621
413,-0.587746,0.840827,0.944536
414,-0.729875,0.729107,0.028377
415,-0.64192,0.65533,-0.050581
416,-0.609111,0.632545,0.247967
417,-0.324104,0.242735,0.533717
418,-0.339351,-0.034647,0.761616
419,0.047661,-0.239291,0.661118
420,-0.187715,-0.450886,0.432425
421,-0.176686,-0.64521,0.595082
422,-0.201141,-0.820484,0.632059
423,-0.32414,-0.863515,0.776579
424,-0.373167,-0.925568,0.97106
425,-0.229955,-0.878718,0.965899
426,-0.129805,-0.821792,0.857383
427,0.115722,-0.665784,0.367646
428,0.159983,0.674309,-1.154083
429,0.245535,1.760674,-1.652586
430,0.465496,1.744436,-0.60369
431,0.156145,0.189958,-0.046939
432,-0.020474,-0.281397,-0.118754
433,-0.070227,-0.253548,0.547383
434,-0.578672,1.416233,0.448784
435,-1.15298,2.696753,-0.469805
436,-0.283895,0.004567,0.832869
437,-0.677458,-0.870018,1.350531
438,-0.545525,-0.351282,1.441058
439,-0.583277,0.357411,0.67855
440,-0.501358,0.387685,0.733582
441,-0.324745,0.758526,0.583273
442,0.210209,0.74873,0.738181
443,0.495198,0.009431,-0.117602
444,0.32181,0.015498,-0.108939
445,0.287572,-0.075912,0.298663
446,0.245413,-0.273005,0.505154
447,0.212982,-0.31388,0.498872
448,-0.013549,-0.323638,-0.0379
449,-0.207412,-0.350508,-0.176089
450,-0.518375,-0.255638,-0.535574
451,-0.04335,-0.158476,0.108464
452,0.224593,-0.119259,0.300344
453,0.342273,-0.087853,0.058116
454,0.457377,0.156632,-0.571448
455,0.153633,0.306183,-0.266865
456,0.214408,0.383364,-0.008276
457,0.322281,0.321451,0.119946
458,0.105967,0.470427,-0.392891
459,0.237714,0.564619,-0.625953
460,0.526817,0.578726,-0.44768
461,0.525881,0.656219,-0.357769
462,0.288392,0.3236,0.032632
463,-0.420694,0.588083,0.790468
464,-0.53635,0.81841,0.956774
465,-0.63329,0.927026,1.119123
466,-0.677688,0.753386,-0.082349
467,-0.568215,0.793051,0.117113
468,-0.536732,0.671177,0.342169
469,-0.449746,0.251635,0.706314
470,0.134459,-0.214148,0.653707
471,-0.103213,-0.385809,0.486931
472,-0.290391,-0.582182,0.59138
473,-0.213803,-0.789438,0.729739
474,-0.254077,-0.809677,0.771505
475,-0.27419,-0.840149,0.917625
476,-0.264279,-0.88605,1.056156
477,-0.212281,-0.818064,1.024407
478,-0.089553,-0.739607,0.760667
479,0.127254,-0.567579,0.242219
480,0.255771,0.07941,-0.79288
481,0.195126,2.013986,-1.696404
482,0.341526,2.381149,-1.364357
483,0.171841,0.126033,0.06826
484,0.11383,-0.221368,-0.191662
485,0.406085,0.802797,0.520454
486,0.167243,1.663424,0.199142
487,-1.688592,-1.092656,1.132076
488,-1.180165,-1.195773,1.318119
489,-0.792127,-0.495012,1.381535
490,-0.511077,0.327903,1.310184
491,-0.103351,0.399572,0.892758
492,-0.038915,0.343418,0.888562
493,0.201813,0.785639,0.648308
494,0.321712,0.613381,0.448067
495,0.373266,0.185623,0.134404
496,0.133312,-0.054497,0.190581
497,0.141812,-0.167318,0.157863
498,0.190264,-0.159696,0.423759
499,0.229183,-0.275871,0.08531
500,0.102355,-0.433377,0.018674
501,-0.060598,-0.427412,0.001899
502,-0.456121,-0.275906,-0.369944
503,-0.355169,-0.252716,-0.112461
504,-0.017476,-0.208119,0.216865
505,0.467253,0.026884,-0.123179
506,0.572568,0.155217,-0.392113
507,0.343103,0.136738,-0.463694
508,0.252095,0.437773,0.010459
509,0.391627,0.419268,0.142767
510,0.304188,0.396181,-0.087135
511,0.420969,0.498802,-0.582669
512,0.612498,0.544285,-0.390913
513,0.504052,0.597178,-0.386282
514,0.236528,0.368838,-0.04198
515,-0.111291,0.249772,0.390668
516,-0.496352,0.875572,1.052636
517,-0.631854,1.097852,0.95005
518,-0.68043,0.752283,-0.126134
519,-0.509414,0.812101,0.004208
520,-0.42486,0.525148,0.465233
521,-0.130554,0.242143,0.624254
522,-0.181895,-0.091003,0.907444
523,-0.115734,-0.316858,0.505076
524,-0.313319,-0.538601,0.556901
525,-0.228701,-0.653912,0.699745
526,-0.141943,-0.72784,0.791494
527,-0.207653,-0.814824,0.863149
528,-0.28829,-0.85113,1.045614
529,-0.27194,-0.811675,1.101904
530,-0.106658,-0.718545,0.675249
531,0.060643,-0.596822,0.305731
532,0.289572,0.074687,-0.630447
533,0.226313,1.868509,-1.398968
534,0.426657,1.356107,-0.679266
535,0.189979,0.015016,-0.206787
536,0.165451,-0.157706,-0.295967
537,0.169396,0.104298,-0.007906
538,-0.0933,4.166602,-0.190082
539,-0.854285,-2.215441,2.740638
540,-1.736525,-3.133936,1.663148
541,-0.973682,0.077747,2.212485
542,-1.003337,0.663333,1.434023
543,-0.165855,0.379276,0.917383
544,0.19618,0.669765,0.90854
545,0.372539,0.990184,0.918684
546,0.605268,0.294161,-0.096862
547,0.415165,0.117576,-0.09573
548,0.368493,0.018602,0.079538
549,0.243239,-0.259793,0.521742
550,0.219324,-0.299094,0.249654
551,0.179773,-0.474311,0.055125
552,0.086589,-0.445107,0.079965
553,-0.447755,-0.248807,-0.448187
554,-0.391667,-0.114208,-0.26307
555,-0.250767,-0.066752,0.041943
556,0.322437,0.01087,0.084714
557,0.774845,0.177587,-0.49797
558,0.428499,0.113343,-0.402537
559,0.029778,0.40865,-0.094781
560,0.204451,0.460678,0.154849
561,0.247067,0.519254,-0.02999
562,0.270493,0.50519,-0.485596
563,0.472487,0.408543,-0.399002
564,0.412402,0.471594,-0.500418
565,0.503146,0.435744,-0.148678
566,0.168346,0.251594,0.327857
567,-0.36263,0.471507,0.709247
568,-0.606322,0.831829,0.988259
569,-0.723151,0.906947,0.622942
570,-0.687203,0.750435,-0.092932
571,-0.533435,0.668012,0.160306
572,-0.156818,0.218414,0.59212
573,-0.186322,0.08581,0.801
574,0.064226,-0.098442,0.895105
575,-0.24239,-0.354886,0.519733
576,-0.238925,-0.553313,0.644205
577,-0.112645,-0.672941,0.670168
578,-0.216165,-0.722066,0.833323
579,-0.276192,-0.813461,1.107719
580,-0.191745,-0.875903,1.142802
581,-0.106298,-0.855292,1.01287
582,0.105,-0.750513,0.532636
583,0.272139,0.028791,-0.648615
584,0.136222,1.384473,-1.607453
585,0.279271,1.802698,-1.226703
586,0.151885,0.355753,-0.165896
587,0.086662,-0.251836,-0.225763
588,0.185964,-0.52758,-0.167659
589,0.16492,-0.442209,1.303926
590,-0.784538,0.568317,1.149064
591,-1.628133,2.100916,-0.675354
592,0.164968,-0.65614,1.979264
593,-0.363696,-1.171775,1.333244
594,-0.388418,-0.703018,1.497873
595,-0.502675,0.340615,0.652964
596,-0.468663,0.606996,0.695211
597,-0.138719,1.083574,0.924406
598,0.409349,0.405057,0.384591
599,0.615439,0.079942,-0.226693
600,0.26979,-0.003179,0.166535
601,0.194645,-0.258138,0.378321
602,0.157198,-0.250694,0.501512
603,0.257063,-0.365114,0.240416
604,-0.043634,-0.410414,0.03336
605,-0.501177,-0.290565,-0.578712
606,-0.474799,-0.29803,-0.575783
607,0.061226,-0.185486,0.245963
608,0.263664,-0.015382,0.137542
609,0.491888,0.187056,-0.371502
610,0.235251,0.112751,-0.473449
611,0.098381,0.344538,-0.128014
612,0.529777,0.410966,0.204653
613,0.376284,0.432405,-0.21199
614,0.545421,0.699498,-0.637777
615,0.599776,0.62368,-0.455725
616,0.481168,0.734051,-0.403789
617,0.183966,0.562715,-0.028499
618,-0.139385,0.309862,0.364527
619,-0.513181,0.75998,1.113611
620,-0.667635,1.003428,1.044596
621,-0.758014,0.942178,0.494407
622,-0.364499,0.64472,0.334609
623,-0.453245,0.516727,0.542511
624,-0.298967,0.161385,0.520699
625,0.010763,-0.197031,0.888684
626,0.160961,-0.295534,0.731002
627,-0.20572,-0.3962,0.476583
628,-0.142684,-0.802321,0.797344
629,-0.205078,-0.952348,0.84288
630,-0.196224,-0.928089,0.97627
631,-0.217929,-0.814827,1.115876
632,-0.138806,-0.756444,1.023922
633,-0.041247,-0.723382,0.878289
634,0.188515,-0.253488,-0.302351
635,0.091748,0.208428,-0.855541
636,-0.022716,1.98033,-1.679219
637,0.170316,0.460069,-0.067353
638,-0.007593,-0.243329,-0.084165
639,-0.0268,-0.291868,-0.005133
640,-0.16056,1.442007,0.438389
641,-0.346353,2.868608,0.101079
642,-0.608963,1.260909,0.144824
643,-1.309193,-1.649521,1.068052
644,-0.49781,0.548061,1.643729
645,-0.528425,0.964898,0.511311
646,0.019292,0.538791,0.800902
647,0.117603,0.59083,0.789324
648,0.36678,0.695801,0.572616
649,0.458285,0.295965,0.096411
650,0.2888,0.084512,0.111104
651,0.211365,-0.172149,0.234668
652,0.184959,-0.256586,0.363179
653,0.222234,-0.144389,0.193235
654,0.205446,-0.232809,0.104365
655,-0.035736,-0.421547,0.084721
656,-0.252839,-0.391874,-0.050446
657,-0.527996,-0.24653,-0.306689
658,-0.560956,-0.170645,-0.301405
659,0.249331,-0.130041,0.136491
660,0.675216,0.214433,-0.383986
661,0.591696,0.193216,-0.457545
662,0.014626,0.449901,-0.233563
663,0.210564,0.40319,0.241152
664,0.331187,0.612463,-0.088071
665,0.485485,0.62503,-0.611709
666,0.342178,0.605252,-0.500279
667,0.385933,0.603586,-0.349592
668,0.366754,0.597256,-0.282404
669,0.009569,0.213053,0.360434
670,-0.509412,0.767751,1.043049
671,-0.706482,0.975237,0.624276
672,-0.721374,0.729732,0.153613
673,-0.534059,0.739858,0.211775
674,-0.297404,0.417748,0.457279
675,-0.156759,0.279204,0.583076
676,0.270823,-0.102293,0.871175
677,-0.129086,-0.393992,0.599294
678,-0.212193,-0.439602,0.628969
679,-0.086108,-0.596797,0.801612
680,-0.176005,-0.652548,0.893292
681,-0.213942,-0.683327,1.003538
682,-0.253204,-0.781183,1.189817
683,-0.191388,-0.777162,1.154574
684,-0.046948,-0.765388,0.892009
685,0.300221,-0.466525,0.100633
686,0.166645,0.247424,-0.853394
687,-0.001504,1.664665,-1.507097
688,0.34706,1.39623,-0.296305
689,0.209728,0.200777,-0.147156
690,0.202735,-0.299592,-0.190563
691,0.338425,-0.595064,0.848821
692,-0.045125,-0.252059,1.633899
693,-1.269397,1.441752,0.069223
694,-1.069418,3.033777,-1.630937
695,-0.039649,-1.627112,2.051178
696,-0.448649,-1.017371,1.417318
697,-0.56188,0.165521,1.153117
698,-0.649536,0.697967,0.64694
699,-0.439077,0.854339,0.706069
700,0.236007,0.834303,0.940475
701,0.566249,0.250439,0.066758
702,0.436148,0.066075,-0.209603
703,0.280255,-0.022496,0.26437
704,0.275017,-0.208082,0.422774
705,0.181113,-0.297149,0.42511
706,0.095669,-0.354639,0.198846
707,-0.159141,-0.367894,-0.099402
708,-0.444612,-0.26879,-0.511171
709,-0.192934,-0.22191,0.03072
710,0.040624,-0.125989,0.278469
711,0.23861,0.008805,0.073566
712,0.425551,0.006272,-0.550115
713,0.173134,0.157112,-0.426958
714,0.053986,0.358042,-0.006675
715,0.178679,0.403489,-0.119165
716,0.181306,0.495699,-0.321754
717,0.308085,0.578229,-0.590954
718,0.476824,0.590948,-0.237631
719,0.441815,0.631889,-0.361688
720,0.166916,0.619535,-0.222987
721,-0.254784,0.269181,0.486864
722,-0.352954,0.68544,1.062666
723,-0.411837,0.822396,1.061751
724,-0.467202,0.853912,-0.038258
725,-0.40547,0.812593,0.081296
726,-0.423257,0.481378,0.501847
727,-0.364149,0.020213,0.79955
728,-0.092971,-0.016349,0.847735
729,-0.149869,-0.325631,0.609275
730,-0.194362,-0.491832,0.619367
731,-0.108452,-0.654058,0.729795
732,-0.138007,-0.746474,0.806827
733,-0.1898,-0.772744,0.94287
734,-0.22301,-0.767185,1.117569
735,-0.198871,-0.753024,1.142137
736,-0.071032,-0.685669,0.92347
737,0.193069,-0.537235,0.216979
738,0.227915,0.116038,-0.779206
739,0.116756,1.752558,-1.702302
740,0.287066,1.202755,-0.419824
741,0.039366,0.099438,-0.041091
742,-0.14702,-0.173957,-0.024184
743,0.338719,-0.392971,-0.222727
744,-0.234143,1.116875,0.852706
745,-1.028173,2.227,-0.267474
746,-0.56686,-0.875441,1.235266
747,-0.518806,-1.401728,1.540475
748,-0.141459,0.112523,1.576162
749,-0.263528,0.519073,0.560367
750,-0.152392,0.353005,0.680732
751,-0.173378,0.688793,0.750622
752,0.391477,0.525142,0.476643
753,0.547463,0.272277,0.106263
754,0.273109,-0.010986,0.174384
755,0.244471,-0.124756,0.231583
756,0.095655,-0.243426,0.478577
757,0.145525,-0.284565,0.212398
758,0.105843,-0.334441,0.073436
759,-0.150875,-0.381409,-0.043303
760,-0.533047,-0.299863,-0.233929
761,-0.52779,-0.263126,-0.212971
762,0.09415,-0.053215,0.309319
763,0.474644,0.018448,-0.132882
764,0.642185,0.122871,-0.378612
765,0.04511,0.364083,-0.394474
766,0.115984,0.507612,0.063612
767,0.308409,0.497995,0.093139
768,0.473027,0.7995,-0.034635
769,0.530083,0.780703,-0.291979
770,0.508396,0.746008,-0.166545
771,-0.307575,0.469334,-0.535432
772,-0.257524,0.122985,0.050463
773,-0.058945,0.339227,0.360583
774,-0.134753,0.618861,1.164869
775,-0.436989,0.642431,0.776231
776,-0.540787,0.536304,0.222324
777,-0.484005,0.510525,0.262921
778,-0.513394,0.239972,0.53883
779,-0.503724,0.118639,0.571435
780,0.153961,-0.223408,1.052587
781,0.146465,-0.387389,0.715091
782,0.002905,-0.482869,0.611905
783,0.006056,-0.618274,0.774513
784,-0.079738,-0.703034,0.91278
785,-0.235704,-0.722513,1.047312
786,-0.168819,-0.721005,1.093291
787,-0.050139,-0.711866,0.957401
788,0.233529,-0.423024,0.053267
789,0.170488,-0.235444,-0.352466
790,-0.301861,1.117743,-1.388125
791,0.051745,1.706228,-0.882736
792,0.271146,0.376634,0.081888
793,0.05484,-0.176916,-0.100825
794,0.298872,-0.421453,-0.21877
795,0.413918,-0.339907,-0.094879
796,-0.201921,1.997876,0.459481
797,-0.892566,1.694189,-0.525519
798,-0.910243,-1.834514,1.685043
799,-0.447972,-0.776999,1.268361
800,-0.285844,0.417649,1.518028
801,-0.347973,0.769501,0.617784
802,-0.115075,0.522388,0.829716
803,0.089368,0.76378,0.729539
804,0.47029,0.577174,0.477826
805,0.5537,0.217402,0.08255
806,0.366047,0.003916,0.185515
807,0.235135,-0.161911,0.353175
808,0.104398,-0.244694,0.397574
809,0.070038,-0.338257,0.23684
810,-0.028395,-0.421419,0.081841
811,-0.306695,-0.329401,-0.041448
812,-0.390321,-0.370529,-0.110286
813,-0.578596,-0.259176,-0.276641
814,0.366103,0.030221,0.079554
815,0.640472,0.19178,-0.391802
816,0.793342,0.319918,-0.550979
817,0.077725,0.345191,-0.193861
818,0.144294,0.40791,0.090919
819,0.366436,0.446678,0.212522
820,0.251164,0.532907,-0.498248
821,0.41052,0.572272,-0.514727
822,0.335995,0.671923,-0.445675
823,0.40526,0.541534,-0.129516
824,0.231475,0.194006,0.261195
825,-0.070534,0.589559,1.049492
826,-0.362144,0.878287,1.177496
827,-0.542695,0.936115,0.600422
828,-0.497738,0.737713,0.132012
829,-0.612158,0.588024,0.190174
830,-0.42704,0.420056,0.487996
831,-0.252777,0.06781,1.181029
832,0.313875,-0.186936,0.742639
833,-0.134554,-0.449065,0.547018
834,-0.148642,-0.510425,0.689462
835,-0.007437,-0.664278,0.8805
836,-0.144945,-0.727588,0.977098
837,-0.190004,-0.764922,1.109822
838,-0.109008,-0.745826,1.195951
839,-0.003992,-0.72312,0.664937
840,0.045639,-0.677744,0.436893
841,0.136096,-0.563077,0.086404
842,-0.038978,1.159585,-1.075736
843,0.409958,1.928977,-1.358798
844,0.574769,0.481763,-0.146703
845,0.313815,-0.108435,-0.275485
846,0.446022,-0.478158,0.172994
847,0.38299,-0.545617,0.363972
848,-1.006054,1.941283,0.410732
849,-1.17016,2.138435,-0.86502
850,-0.301906,-1.429494,1.57391
851,-0.212123,-0.179041,1.66199
852,-0.359934,0.11776,1.231594
853,-0.394141,0.841235,0.698851
854,0.098132,1.228173,1.097624
855,0.456814,0.66496,0.753712
856,0.618661,0.155216,-0.167149
857,0.391788,0.028152,0.07861
858,0.327294,-0.107816,0.404269
859,0.02518,-0.314917,0.446133
860,0.001224,-0.376793,0.371914
861,-0.13171,-0.364866,0.088486
862,-0.162465,-0.272833,-0.128616
863,-0.316594,-0.276389,-0.309554
864,-0.287528,-0.277359,-0.227756
865,0.39171,-0.040324,0.134648
866,0.525406,0.112031,-0.169386
867,0.52414,0.138396,-0.436275
868,0.059452,0.298216,-0.25716
869,0.23172,0.4009,0.206237
870,0.311545,0.396861,0.034158
871,0.224731,0.593068,-0.550033
872,0.447185,0.627182,-0.570509
873,0.408212,0.630956,-0.481507
874,0.42871,0.620222,-0.124712
875,0.200545,0.239552,0.310576
876,-0.251961,0.650167,0.948451
877,-0.445231,0.84478,1.083537
878,-0.624414,0.912147,0.424466
879,-0.556948,0.749415,0.113383
880,-0.454496,0.638523,0.377931
881,-0.384836,0.384697,0.416209
882,-0.245454,0.090821,1.209944
883,0.33185,-0.189578,0.758167
884,-0.066419,-0.338539,0.50722
885,-0.136897,-0.451259,0.699562
886,-0.030816,-0.665624,0.858192
887,-0.181069,-0.750415,0.931477
888,-0.169495,-0.74811,1.022751
889,-0.172378,-0.757779,1.121689
890,-0.046664,-0.684224,0.964284
891,0.068496,-0.630886,0.578911
892,0.209167,-0.250316,-0.151774
893,0.045535,1.863033,-1.480651
894,0.386047,1.830362,-1.260643
895,0.43806,0.43576,-0.13364
896,0.192209,-0.17972,-0.264396
897,0.437652,-0.440863,0.221527
898,0.444252,-0.37157,0.191569
899,-1.010105,2.967787,-0.955943
900,-0.895165,1.842712,-0.470076
901,-0.507344,-1.753115,1.720721
902,-0.44675,-0.154069,1.686426
903,-0.545903,0.190078,1.307188
904,-0.392048,0.655773,0.685884
905,-0.341462,0.717198,0.641838
906,0.226383,0.988914,1.113595
907,0.749169,0.140994,-0.045631
908,0.735679,0.10646,-0.318022
909,0.347878,-0.003868,0.278294
910,0.107363,-0.332236,0.381764
911,0.0741,-0.374185,0.286512
912,0.073442,-0.436375,0.16958
913,-0.316158,-0.470215,-0.151425
914,-0.570699,-0.354702,-0.536659
915,0.050865,-0.154713,0.228943
916,0.481815,-0.051391,0.161902
917,0.444654,0.163645,-0.195912
918,0.45707,0.114988,-0.416684
919,0.15224,0.286548,-0.27211
920,0.411932,0.484773,0.15097
921,0.373427,0.412233,0.05487
922,0.28191,0.533305,-0.102159
923,0.486173,0.732035,-0.364852
924,0.502963,0.804986,-0.166321
925,-0.110599,0.640088,-0.31273
926,-0.28493,0.098694,0.140138
927,-0.263395,0.493698,0.934637
928,-0.362223,0.734717,1.091501
929,-0.56888,0.678154,0.357987
930,-0.617597,0.571871,-0.086568
931,-0.555086,0.511336,0.334453
932,-0.423723,0.158296,0.788093
933,-0.263139,-0.049241,0.949294
934,0.227099,-0.162415,1.110659
935,0.043143,-0.35527,0.542543
936,-0.000509,-0.463273,0.601831
937,-0.020658,-0.552358,0.70007
938,-0.075352,-0.729284,0.933827
939,-0.150735,-0.764827,1.158296
940,-0.116646,-0.758433,1.203675
941,0.056887,-0.760376,0.957156
942,0.279819,-0.621109,0.339787
943,0.356324,-0.499039,-0.142889
944,0.014655,1.98233,-1.753088
945,0.272273,1.591986,-0.847253
946,0.173626,0.367408,-0.04069
947,-0.047116,-0.303529,-0.084608
948,0.014474,-0.415324,-0.214453
949,-0.934685,2.501156,0.11397
950,-0.03457,-0.389899,1.36811
951,-0.155328,-1.762375,1.675127
952,-0.09944,0.03392,1.617321
953,-0.289679,0.461656,1.602099
954,-0.223159,0.776759,0.413819
955,-0.116905,0.538626,0.911973
956,0.10335,0.73338,0.90332
957,0.337582,0.42783,0.570778
958,0.360644,0.167884,0.084157
959,0.217335,0.048799,0.104171
960,0.287808,-0.094776,0.368496
961,0.051102,-0.308281,0.37626
962,-0.000637,-0.363742,0.193259
963,-0.062001,-0.349958,0.062725
964,-0.263,-0.341285,-0.075424
965,-0.477625,-0.350196,-0.391021
966,-0.257372,-0.296672,0.127552
967,0.409933,-0.137523,0.094872
968,0.611079,0.164251,-0.342899
969,0.696421,0.29044,-0.426323
970,-0.103633,0.443428,-0.193106
971,0.224361,0.342999,0.087185
972,0.355345,0.391661,-0.112153
973,0.260163,0.65727,-0.572649
974,0.415908,0.644575,-0.361677
975,0.427851,0.719102,-0.334141
976,0.484461,0.693783,-0.169556
977,-0.276475,0.392453,0.664982
978,-0.301349,0.397554,0.731514
979,-0.492997,0.924489,1.062536
980,-0.489528,0.653777,0.042248
981,-0.440884,0.636626,0.020001
982,-0.474221,0.699722,0.170968
983,-0.422621,0.259421,0.982074
984,-0.348176,0.021974,1.18578
985,0.2668,-0.060412,0.796349
986,-0.110302,-0.433844,0.687413
987,-0.138447,-0.615258,0.875901
988,-0.111732,-0.738542,0.927435
989,-0.175741,-0.773433,0.974834
990,-0.152706,-0.772706,1.075973
991,-0.038847,-0.714792,1.046958
992,0.06098,-0.719834,0.908542
993,0.206071,-0.618259,0.397083
994,-0.204927,0.444115,-0.742532
995,-0.317179,1.499519,-1.435007
996,0.347124,1.710671,-0.86272
997,0.15828,-0.197334,-0.079238
998,0.044924,-0.310696,-0.128261
999,0.527532,-0.604649,0.04037
1000,-0.387252,0.783085,1.483877
1001,-1.253614,2.098464,0.278211
1002,-0.207665,-0.632291,1.154772
1003,-0.210345,-1.116147,1.574272
1004,-0.201765,-0.671325,1.588654
1005,-0.263837,0.342566,0.927435
1006,-0.322675,0.853226,0.650619
1007,-0.063441,0.9676,1.007358
1008,0.431968,0.487501,0.774299
1009,0.627024,0.11199,-0.1694
1010,0.280546,0.136891,0.125207
1011,0.326589,-0.087049,0.510005
1012,0.13934,-0.370216,0.470299
1013,-0.022136,-0.451326,0.216378
1014,-0.121641,-0.373894,0.140521
1015,-0.205951,-0.430596,-0.008417
1016,-0.661214,-0.316099,-0.526293
1017,0.161769,-0.210018,0.290741
1018,0.414005,-0.094153,0.211353
1019,0.516933,0.111596,-0.35256
1020,0.431466,0.07904,-0.481345
1021,0.016363,0.289212,-0.309702
1022,0.406476,0.532934,0.149312
1023,0.335556,0.390742,0.007014
1024,0.202163,0.652242,-0.486048
1025,0.401674,0.697326,-0.56598
1026,0.368152,0.884742,-0.372506
1027,0.107111,0.670966,-0.073583
1028,-0.144965,0.192858,0.40383
1029,-0.192501,0.690462,1.107132
1030,-0.344639,0.893505,1.189551
1031,-0.589549,0.896669,0.030672
1032,-0.500593,0.68174,0.049588
1033,-0.564986,0.525242,0.437002
1034,-0.487545,0.319181,0.684287
1035,-0.249267,-0.004143,1.191664
1036,0.155142,-0.373413,0.680618
1037,0.035787,-0.423253,0.701078
1038,0.021549,-0.665586,0.866732
1039,-0.059602,-0.742681,0.983784
1040,-0.107157,-0.721295,1.162686
1041,-0.088723,-0.686896,1.246615
1042,0.062392,-0.712755,1.080038
1043,0.12119,-0.702071,0.620836
1044,0.138033,-0.375331,-0.146588
1045,-0.359883,0.927262,-1.033093
1046,0.117717,2.165727,-1.56874
1047,0.370117,0.437151,-0.244809
1048,0.164538,-0.160587,-0.039501
1049,0.384574,-0.489545,-0.345611
1050,-0.311523,0.908654,0.777439
1051,-1.490141,3.370635,-0.241066
1052,-0.110119,-1.287878,1.656616
1053,-0.300936,-1.964137,1.694188
1054,-0.134549,0.129083,1.847868
1055,-0.275532,0.646919,0.781248
1056,-0.143433,0.532678,0.958365
1057,-0.140033,0.931047,0.96122
1058,0.286359,0.752508,0.885308
1059,0.512363,0.231857,0.225367
1060,0.370022,0.130921,-0.094467
1061,0.292082,-0.019385,0.272333
1062,0.202516,-0.250727,0.275682
1063,0.143597,-0.369373,0.470538
1064,0.039842,-0.472905,0.223686
1065,-0.108084,-0.415078,-0.045679
1066,-0.446846,-0.331359,-0.411256
1067,-0.101664,-0.155006,0.138225
1068,0.214133,-0.135043,0.233945
1069,0.327167,-0.064492,0.088576
1070,0.430987,0.183733,-0.460299
1071,0.440607,0.18681,-0.479721
1072,0.164453,0.380825,0.201591
1073,0.227545,0.364213,0.139839
1074,0.205121,0.522991,-0.274734
1075,0.386648,0.643129,-0.526758
1076,0.420049,0.69084,-0.444039
1077,0.403628,0.724291,-0.253941
1078,0.075745,0.273934,0.007627
1079,-0.132912,0.193539,0.667704
1080,-0.160422,0.635102,1.179231
1081,-0.349265,0.828052,0.90931
1082,-0.443038,0.768343,0.226992
1083,-0.452823,0.747294,0.163948
1084,-0.532612,0.591052,0.531361
1085,-0.447273,0.267389,0.716599
1086,0.008061,-0.013783,1.151123
1087,0.067621,-0.296078,0.599307
1088,-0.04177,-0.368623,0.633126
1089,-0.053119,-0.546219,0.911025
1090,-0.063165,-0.782373,0.976538
1091,-0.127259,-0.806584,1.0968
1092,-0.064222,-0.729849,1.136061
1093,0.02691,-0.663064,0.971598
1094,0.171209,-0.591186,0.603215
1095,0.171914,-0.301106,-0.150496
1096,-0.275239,0.939791,-1.125026
1097,0.131075,2.226568,-1.482832
1098,0.390088,0.396691,-0.04455
1099,0.021238,-0.169915,-0.022046
1100,0.0127,-0.355931,-0.294199
1101,-0.152406,0.863872,0.448364
1102,-0.772002,2.41389,0.196098
1103,-0.437746,-0.762625,1.447229
1104,-0.282537,-1.726512,1.839784
1105,-0.034338,0.100046,1.535648
1106,-0.245572,0.636364,0.913847
1107,-0.111221,0.577917,0.771299
1108,-0.04334,0.681616,0.875442
1109,0.406773,0.428839,0.563739
1110,0.501873,0.203496,0.183671
1111,0.354689,0.071001,-0.199393
1112,0.277592,0.018386,0.312177
1113,0.231121,-0.176541,0.359937
1114,0.114072,-0.249987,0.426532
1115,-0.075771,-0.410709,0.211149
1116,-0.123883,-0.327945,0.051938
1117,-0.433253,-0.33814,-0.253725
1118,-0.585347,-0.325867,-0.175857
1119,0.063458,-0.239423,0.476925
1120,0.412993,0.019364,0.077152
1121,0.615908,0.196916,-0.449605
1122,0.356899,0.185286,-0.508378
1123,-0.032479,0.456046,-0.152824
1124,0.24363,0.443838,0.097281
1125,0.254074,0.503371,-0.155167
1126,0.408637,0.685294,-0.498818
1127,0.452542,0.640023,-0.467312
1128,0.321401,0.746647,-0.269562
1129,-0.062991,0.357531,0.1195
1130,-0.088775,0.570129,1.106202
1131,-0.134983,0.737123,1.25614
1132,-0.508312,0.816033,0.365717
1133,-0.480855,0.637078,-0.014216
1134,-0.529988,0.584559,0.404348
1135,-0.432703,0.361913,0.601052
1136,-0.177308,0.18238,1.173156
1137,0.392638,-0.171779,0.843481
1138,-0.058317,-0.33346,0.544302
1139,-0.127827,-0.506364,0.844957
1140,-0.005047,-0.639675,0.988773
1141,-0.103149,-0.755271,1.013305
1142,-0.120919,-0.790331,1.120737
1143,-0.076771,-0.725414,1.140218
1144,0.064636,-0.683498,0.965445
1145,0.185766,-0.61071,0.513531
1146,0.115306,-0.209295,-0.278554
1147,-0.41619,1.45619,-1.285257
1148,-0.218921,2.319261,-1.753352
1149,0.333355,0.242948,-0.054325
1150,0.080521,-0.251508,-0.094716
1151,0.359905,-0.422247,0.109322
1152,0.171387,0.31484,0.60775
1153,-0.94292,2.727971,0.117924
1154,-0.757355,0.364532,0.928879
1155,-0.545737,-1.468155,1.370261
1156,-0.388203,-1.008034,1.251028
1157,-0.169629,0.210778,1.32411
1158,-0.199022,0.860088,0.836174
1159,-0.05314,1.051088,0.849789
1160,0.408854,0.590019,0.681239
1161,0.604889,0.164336,-0.078171
1162,0.303176,0.116636,0.101468
1163,0.358985,-0.086449,0.478161
1164,0.202424,-0.319799,0.652268
1165,0.088436,-0.414625,0.39529
1166,-0.189855,-0.310007,-0.097893
1167,-0.123712,-0.265485,-0.249722
1168,-0.258317,-0.224596,-0.418612
1169,-0.276918,-0.226541,-0.033538
1170,0.239986,-0.049419,0.252059
1171,0.325312,-0.022134,0.177797
1172,0.324085,0.054002,-0.40006
1173,0.038055,0.252833,-0.220943
1174,-0.006752,0.381871,-0.07773
1175,0.229525,0.376223,-0.05723
1176,0.224275,0.518094,-0.338131
1177,0.462807,0.741435,-0.400733
1178,0.297248,0.88204,-0.280728
1179,0.119844,0.520808,-0.03641
1180,-0.247138,0.197028,0.505317
1181,-0.294511,0.637816,1.022037
1182,-0.416111,0.828193,0.972885
1183,-0.532657,0.734712,0.121699
1184,-0.414495,0.632604,0.177924
1185,-0.422369,0.617395,0.338541
1186,-0.399686,0.553403,0.684298
1187,-0.10246,0.122895,1.027612
1188,0.139087,-0.179226,0.768463
1189,-0.148551,-0.462745,0.737896
1190,-0.066367,-0.541938,0.949695
1191,-0.038349,-0.657008,0.948489
1192,-0.122035,-0.693744,1.044502
1193,-0.127132,-0.714851,1.139229
1194,-0.023701,-0.687105,1.1511
1195,0.067804,-0.706637,0.928542
1196,0.129621,-0.642866,0.420658
1197,0.043471,-0.108456,-0.267323
1198,-0.174357,0.493873,-0.672347
1199,0.364742,1.656331,-0.9977
1200,0.4405,0.885809,-0.431156
1201,0.088578,-0.193465,-0.197329
1202,-0.048686,0.208537,0.011182
1203,-0.316817,2.591086,0.025141
1204,-0.753199,1.705945,-0.110122
1205,-0.728903,-2.649848,2.437719
1206,-0.537624,-0.855858,0.900774
1207,-0.315106,0.593137,2.03501
1208,-0.235496,0.98327,0.601902
1209,-0.025557,0.705765,0.828285
1210,0.243002,0.922256,1.01479
1211,0.499569,0.150321,0.106531
1212,0.429894,0.052891,-0.164117
1213,0.244071,0.043239,0.256912
1214,0.314861,-0.21879,0.49583
1215,0.233958,-0.276372,0.507009
1216,0.168101,-0.31737,0.402139
1217,-0.122832,-0.280534,-0.062491
1218,-0.318368,-0.285065,-0.273488
1219,-0.588948,-0.264471,-0.331004
1220,0.130361,-0.131162,0.295197
1221,0.312502,-0.027969,0.177508
1222,0.581497,0.135597,-0.274014
1223,0.308238,0.056334,-0.367198
1224,0.113239,0.228337,-0.256531
1225,0.270523,0.396835,0.239771
1226,0.173379,0.476274,-0.054654
1227,0.185564,0.552555,-0.308449
1228,0.451665,0.668048,-0.406572
1229,0.363536,0.890307,-0.212026
1230,-0.020037,0.496289,-0.025685
1231,-0.21952,0.01582,0.467936
1232,-0.245868,0.677724,1.148041
1233,-0.348544,0.850727,1.035514
1234,-0.51651,0.737319,0.186373
1235,-0.487575,0.698133,0.066026
1236,-0.508923,0.507239,0.451714
1237,-0.404496,0.319895,0.762921
1238,-0.004181,0.057531,1.148405
1239,0.359518,-0.18514,0.766015
1240,-0.095789,-0.363642,0.648314
1241,-0.10162,-0.503616,0.877572
1242,-0.035799,-0.56897,0.950144
1243,-0.068716,-0.679229,1.013031
1244,-0.082054,-0.73382,1.129875
1245,-0.03105,-0.719438,1.157278
1246,0.081237,-0.702805,0.95756
1247,0.130234,-0.628738,0.464158
1248,0.042448,-0.095347,-0.291261
1249,-0.377838,1.574246,-1.360105
1250,0.396006,1.675308,-1.043565
1251,0.350985,0.213179,0.01038
1252,0.078103,-0.285853,-0.107151
1253,0.23481,-0.13064,-0.047853
1254,-0.041079,1.353136,0.223032
1255,-0.810027,3.237393,-0.43908
1256,-0.543731,-1.951947,2.619705
1257,-0.865029,-1.445079,1.047112
1258,-0.273026,0.325337,1.938363
1259,-0.25148,0.971776,0.661815
1260,-0.138796,0.748109,0.77306
1261,-0.053899,0.63608,0.868945
1262,0.513411,0.242574,0.285204
1263,0.4257,0.050842,-0.137206
1264,0.265588,0.057884,0.385596
1265,0.229475,-0.16947,0.37332
1266,0.058572,-0.319833,0.377825
1267,0.029212,-0.375151,0.237532
1268,-0.050472,-0.362335,-0.001298
1269,-0.130202,-0.327564,-0.01334
1270,-0.475303,-0.392105,-0.25431
1271,-0.393579,-0.267113,0.1085
1272,0.245971,0.024673,0.07303
1273,0.52972,0.243881,-0.373446
1274,0.632683,0.163311,-0.373586
1275,0.076779,0.286831,-0.166973
1276,0.233075,0.359635,0.293035
1277,0.193153,0.364281,0.096
1278,0.16955,0.502574,-0.459049
1279,0.343432,0.581192,-0.470626
1280,0.375048,0.744593,-0.390314
1281,0.277248,0.706626,-0.160963
1282,0.011986,0.039899,0.358725
1283,-0.25624,0.451162,1.097747
1284,-0.311942,0.744286,1.124844
1285,-0.442012,0.952762,0.8426
1286,-0.431065,0.690079,0.310602
1287,-0.444431,0.713585,0.364649
1288,-0.549689,0.465905,0.526293
1289,-0.211648,0.247509,1.055847
1290,0.006971,0.245674,1.212803
1291,-0.001735,-0.269219,0.574639
1292,-0.087971,-0.422324,0.845378
1293,-0.065046,-0.647657,0.98996
1294,-0.146979,-0.749375,1.059044
1295,-0.178383,-0.804918,1.146585
1296,-0.0744,-0.724277,1.168792
1297,0.043116,-0.700878,1.008106
1298,0.113226,-0.686426,0.637269
1299,0.057612,-0.385778,0.039172
1300,-0.512413,0.882502,-0.827442
1301,0.190995,2.431564,-1.645735
1302,0.583335,0.580826,-0.352318
1303,0.220089,-0.224583,-0.142263
1304,0.454123,-0.486964,0.062677
1305,0.223117,0.061299,0.75326
1306,-1.064375,2.275911,0.163274
1307,-0.570722,1.626198,0.377153
1308,-0.452937,-1.696728,1.729736
1309,-0.418555,-1.376298,1.35708
1310,-0.257706,0.639099,1.008393
1311,-0.197041,0.755028,0.784229
1312,0.001294,0.86528,0.988978
1313,0.309507,0.873847,0.93357
1314,0.440107,0.233217,0.114471
1315,0.162424,0.215955,0.289502
1316,0.272859,-0.106728,0.460934
1317,0.27892,-0.197918,0.489545
1318,0.022502,-0.400386,0.271172
1319,-0.046057,-0.468355,0.142845
1320,-0.102086,-0.438233,0.105266
1321,-0.294703,-0.288746,-0.260468
1322,-0.486528,-0.339438,-0.146711
1323,-0.01829,-0.184665,0.249009
1324,0.260972,0.117342,-0.081019
1325,0.51001,0.214047,-0.444331
1326,0.47648,0.14223,-0.303997
1327,0.226217,0.413041,0.119133
1328,0.220845,0.416563,0.199935
1329,0.110903,0.479208,-0.12476
1330,0.335737,0.73154,-0.331481
1331,0.573476,0.893513,-0.208189
1332,0.165855,0.98396,-0.220906
1333,-0.298582,0.257357,0.039364
1334,-0.218216,0.25992,0.823812
1335,-0.19308,0.59374,1.096472
1336,-0.355455,0.754303,0.788957
1337,-0.470022,0.678023,0.179895
1338,-0.488803,0.696578,0.029303
1339,-0.596769,0.538685,0.57489
1340,-0.100965,0.22239,0.920452
1341,0.041182,0.236843,1.078714
1342,-0.016561,-0.334493,0.684956
1343,-0.063545,-0.459448,0.897501
1344,0.016904,-0.538587,0.982567
1345,0.017037,-0.626293,0.981304
1346,-0.081223,-0.617277,1.114191
1347,-0.042879,-0.590606,1.168648
1348,0.132107,-0.645878,0.948977
1349,0.225976,-0.629424,0.445601
1350,0.184674,-0.533839,0.077496
1351,-0.480534,1.473273,-1.263762
1352,0.264476,1.884126,-1.044032
1353,0.399033,1.078988,-0.396074
1354,0.042302,-0.180785,-0.087789
1355,-0.053595,0.293922,0.283299
1356,-0.154921,1.379161,0.614183
1357,-0.877775,2.758461,-0.279623
1358,-0.728543,-1.595776,1.84062
1359,-0.47267,-1.128923,1.245779
1360,-0.005131,0.230713,1.80748
1361,-0.262428,0.594471,1.02964
1362,-0.073585,0.692972,0.813826
1363,0.095422,1.055609,1.145215
1364,0.49719,0.228497,0.296036
1365,0.591368,0.159157,-0.152251
1366,0.346723,0.075032,0.391964
1367,0.261789,-0.217039,0.455914
1368,0.20482,-0.278273,0.468432
1369,0.044423,-0.325547,0.37143
1370,-0.076085,-0.327852,0.118322
1371,-0.120726,-0.308974,-0.089132
1372,-0.529504,-0.308196,-0.367404
1373,-0.382873,-0.142697,0.222546
1374,0.010928,-0.062646,0.272356
1375,0.404305,0.083604,-0.095122
1376,0.612537,0.141904,-0.288864
1377,0.442891,0.103959,-0.379311
1378,0.292561,0.443613,0.156924
1379,0.215943,0.454459,0.052302
1380,0.224719,0.503839,-0.398229
1381,0.481951,0.679082,-0.49764
1382,0.443201,0.793201,-0.339867
1383,0.230016,0.624368,-0.066924
1384,-0.098446,0.107793,0.4266
1385,-0.233168,0.527107,1.152147
1386,-0.250397,0.83141,1.117798
1387,-0.394219,0.854443,0.578478
1388,-0.367953,0.759439,0.106349
1389,-0.451985,0.593591,0.337957
1390,-0.328767,0.509466,0.633368
1391,0.070702,0.251681,1.143417
1392,0.418245,0.124568,1.022334
1393,-0.143032,-0.29177,0.630997
1394,-0.108617,-0.463745,0.939534
1395,0.01289,-0.536066,1.040131
1396,-0.149715,-0.781507,1.073936
1397,-0.132727,-0.732083,1.174278
1398,-0.073792,-0.591083,1.19815
1399,0.044231,-0.522079,1.062228
1400,0.06064,-0.526423,0.711474
1401,0.189405,-0.329193,0.138389
1402,-0.026465,0.490262,-0.655639
1403,-0.106038,1.855673,-1.572001
1404,0.512566,0.876099,-0.540343
1405,0.451061,0.143514,-0.259163
1406,0.198473,-0.252033,0.226684
1407,-0.047473,-0.011427,0.544746
1408,-0.092909,0.696735,0.481602
1409,-1.222839,2.572345,-0.461643
1410,-0.720832,-2.133447,2.035688
1411,-0.49577,-0.936186,1.00298
1412,-0.211407,0.42613,1.750945
1413,-0.248453,0.653412,0.800346
1414,0.118944,1.244236,1.217003
1415,0.622323,0.655416,0.746513
1416,0.676205,0.381964,0.17347
1417,0.324262,0.201136,0.34874
1418,0.269717,0.098348,0.472001
1419,0.203481,-0.160169,0.466235
1420,-0.027948,-0.340426,0.364086
1421,-0.115334,-0.408983,0.224695
1422,-0.020918,-0.374817,0.077071
1423,-0.13942,-0.430791,0.033378
1424,-0.316877,-0.416903,-0.214325
1425,-0.236401,-0.306871,0.435781
1426,0.336078,0.114178,-0.053788
1427,0.633582,0.280667,-0.439629
1428,0.393737,0.102003,-0.319003
1429,0.092083,0.323754,0.041338
1430,0.269613,0.315949,0.297211
1431,0.238925,0.403265,-0.042337
1432,0.242219,0.618253,-0.454534
1433,0.395862,0.684077,-0.426216
1434,0.273789,0.872254,-0.245265
1435,-0.014658,0.519469,-0.015004
1436,-0.161997,0.188529,0.564826
1437,-0.103052,0.603269,1.147789
1438,-0.259876,0.893244,0.974108
1439,-0.391621,0.748774,0.262404
1440,-0.409938,0.701125,0.245306
1441,-0.510943,0.662058,0.508215
1442,-0.380514,0.37778,0.734811
1443,0.265427,0.23884,1.092661
1444,0.371872,-0.186858,0.844141
1445,-0.089784,-0.475155,0.858926
1446,0.003123,-0.504587,0.971615
1447,0.042951,-0.608827,1.055451
1448,-0.164253,-0.743539,1.141459
1449,-0.096886,-0.701308,1.189713
1450,-0.050583,-0.703293,1.176842
1451,0.141969,-0.6038,0.741352
1452,0.19775,-0.539805,0.417684
1453,0.192677,-0.348473,0.020165
1454,-0.042636,2.291641,-1.795845
1455,0.297551,1.645464,-1.130492
1456,0.499496,0.320046,0.0103
1457,0.326765,-0.211025,0.021512
1458,-0.057254,-0.575855,0.17706
1459,-0.067006,0.841318,1.027681
1460,-1.409909,2.992301,-0.36659
1461,-0.286628,-0.808081,1.55977
1462,0.014,-0.76839,1.170026
1463,0.130341,0.260888,1.71333
1464,-0.184732,0.688785,1.092565
1465,-0.081508,0.95722,0.760869
1466,0.350358,0.908421,0.882222
1467,0.56322,0.181267,0.225265
1468,0.441462,0.194876,0.01008
1469,0.347711,0.062014,0.398841
1470,0.33479,-0.136018,0.543709
1471,0.182428,-0.316548,0.596176
1472,0.101972,-0.29683,0.292492
1473,-0.073895,-0.339741,0.014488
1474,-0.093228,-0.190701,-0.088228
1475,-0.436379,-0.285932,-0.31132
1476,-0.364427,-0.221882,0.219947
1477,0.18657,-0.066526,0.264992
1478,0.435985,0.188296,-0.05772
1479,0.660329,0.112636,-0.37323
1480,0.11472,0.157018,-0.347279
1481,0.152628,0.377402,0.032386
1482,0.321687,0.45147,0.1523
1483,0.291779,0.603428,-0.046771
1484,0.474218,0.772501,-0.27623
1485,0.422956,0.9087,-0.150926
1486,-0.203619,0.694809,-0.239506
1487,-0.05957,0.244802,0.674767
1488,0.03507,0.569633,1.202218
1489,-0.03536,0.701329,1.281992
1490,-0.424948,0.535903,0.088694
1491,-0.426943,0.557916,0.143854
1492,-0.614381,0.517563,0.365604
1493,-0.139298,0.135168,0.792936
1494,-0.167968,0.161691,0.843663
1495,0.325773,-0.057845,1.006266
1496,0.091585,-0.428233,0.796615
1497,0.049396,-0.498296,0.832894
1498,0.079497,-0.527797,0.897029
1499,-0.062445,-0.715763,1.056198
1500,-0.023689,-0.701014,1.120629
1501,0.083885,-0.65087,1.153207
1502,0.240027,-0.610687,0.952112
1503,0.262893,-0.529931,0.361262
1504,0.099251,-0.015323,-0.382951
1505,-0.401861,1.764888,-1.53078
1506,0.315774,1.387358,-0.772479
1507,0.218563,0.072621,-0.01516
1508,0.026498,-0.261074,-0.047766
1509,-0.032482,0.289048,-0.025411
1510,-0.388743,2.930057,-0.1665
1511,-0.491329,-2.252133,3.100904
1512,-0.77578,-1.01275,0.608109
1513,0.048213,0.646065,1.906847
1514,-0.044695,0.816193,1.172055
1515,0.202638,0.770074,0.634111
1516,0.295223,0.674848,1.032418
1517,0.40499,0.529169,0.855051
1518,0.365056,0.235062,0.374273
1519,0.177462,0.089993,0.051495
1520,0.169286,0.023031,0.236327
1521,0.241892,-0.087841,0.346425
1522,0.258138,-0.222776,0.582127
1523,0.120089,-0.392715,0.431122
1524,0.035313,-0.405159,0.141643
1525,-0.294502,-0.274031,-0.204025
1526,-0.56852,-0.262536,-0.392338
1527,-0.207833,-0.323721,0.307909
1528,0.305732,0.032276,0.076129
1529,0.562226,0.127583,-0.254944
1530,0.630513,0.196437,-0.384493
1531,0.238929,0.287496,-0.386502
1532,0.108021,0.409598,-0.108801
1533,0.110459,0.410288,-0.113822
1534,0.4596,0.734975,-0.419163
1535,0.545648,0.816086,-0.342842
1536,0.412727,0.902855,-0.230748
1537,-0.105962,0.217522,0.317912
1538,-0.243852,0.462363,0.996483
1539,-0.234648,0.808151,1.101956
1540,-0.410282,0.866896,0.663449
1541,-0.505241,0.621086,0.179908
1542,-0.496567,0.733129,0.357033
1543,-0.345847,0.58474,0.501293
1544,0.051654,0.440089,1.004389
1545,0.298963,0.057533,0.858213
1546,0.009917,-0.361095,0.9368
1547,0.03032,-0.396796,1.004111
1548,0.046361,-0.507994,1.025125
1549,-0.032018,-0.673984,1.091127
1550,-0.09844,-0.764632,1.156523
1551,-0.005738,-0.711332,1.199619
1552,0.160159,-0.6918,1.027134
1553,0.28379,-0.640001,0.357615
1554,0.136857,-0.096617,-0.204691
1555,-0.525769,1.82754,-1.460974
1556,-0.131059,2.412469,-1.70788
1557,0.407194,0.115975,-0.077856
1558,0.064698,-0.270142,-0.168738
1559,0.336712,-0.300734,0.089585
1560,-0.032995,1.673386,0.540719
1561,-1.446027,3.321037,-1.084541
1562,-0.606808,-2.419673,2.696347
1563,-0.214412,-0.904735,0.998806
1564,0.133645,0.574674,2.015989
1565,-0.011696,0.804218,1.016743
1566,0.261302,0.798568,0.701132
1567,0.447971,0.808563,1.098544
1568,0.414502,0.317721,0.551867
1569,0.206236,0.136757,0.202113
1570,0.044527,0.062019,0.085643
1571,0.151044,0.018497,0.27752
1572,0.126354,-0.214046,0.441585
1573,0.265343,-0.237173,0.569586
1574,0.194543,-0.387268,0.346887
1575,0.059016,-0.360194,0.225146
1576,-0.128623,-0.38537,0.054262
1577,-0.400349,-0.342164,0.202835
1578,-0.375623,-0.342352,0.170998
1579,0.168267,0.142999,0.028487
1580,0.521088,0.113807,-0.377438
1581,0.630837,0.191617,-0.434029
1582,0.414541,0.298571,-0.317772
1583,0.050826,0.373987,-0.027711
1584,0.089819,0.408784,-0.228226
1585,0.155638,0.552305,-0.428812
1586,0.393095,0.871466,-0.611293
1587,0.388081,0.872588,-0.552861
1588,0.281489,0.283568,0.274045
1589,-0.112743,0.547887,1.111148
1590,-0.198995,0.8999,1.162992
1591,-0.441167,1.117633,0.612554
1592,-0.55809,0.792022,0.116469
1593,-0.52102,0.740832,0.329806
1594,-0.320543,0.570532,0.853151
1595,0.207196,0.35166,0.889764
1596,0.185238,0.058037,0.947525
1597,-0.095366,-0.319069,0.862765
1598,-0.027727,-0.527222,0.992681
1599,0.099899,-0.617672,1.064288
1600,0.050673,-0.724409,1.107396
1601,0.049028,-0.75315,1.27693
1602,0.057875,-0.702972,1.289649
1603,0.163354,-0.683779,1.10114
1604,0.26964,-0.632724,0.583832
1605,0.170176,-0.42377,-0.187085
1606,-0.271606,0.729888,-1.138571
1607,-0.215023,2.542635,-1.367084
1608,0.347283,0.596801,-0.086127
1609,0.008296,-0.059119,0.162163
1610,-0.26968,-0.053146,-0.236554
1611,-0.589512,2.037769,-0.388833
1612,-0.150452,2.121069,0.41101
1613,0.299496,-2.415076,2.97715
1614,0.038628,0.606624,0.818164
1615,-0.031426,0.837464,1.757869
1616,0.268041,0.592801,0.581533
1617,0.171899,0.207693,0.859869
1618,0.133086,0.597603,1.026198
1619,0.22156,0.867485,0.92177
1620,0.312417,0.532265,0.659139
1621,0.457015,0.081863,-0.151197
1622,0.465325,-0.021429,0.297343
1623,0.479723,-0.093142,0.42887
1624,0.279668,-0.39227,0.310476
1625,-0.037751,-0.432774,0.109518
1626,-0.086084,-0.330112,0.110098
1627,-0.538458,-0.237242,-0.387087
1628,-0.500434,-0.234819,0.095015
1629,-0.022085,-0.021911,0.288243
1630,0.283263,0.151307,-0.231209
1631,0.619106,0.13243,-0.301346
1632,0.34448,0.145805,-0.355312
1633,0.42369,0.462521,0.234398
1634,0.351943,0.470982,0.075665
1635,0.411711,0.59831,-0.235412
1636,0.513075,0.819218,-0.375975
1637,0.366147,0.976111,-0.238838
1638,-0.03592,0.710815,-0.077534
1639,-0.101158,0.113144,0.466482
1640,0.1781,0.628689,1.269963
1641,-0.091696,1.010864,1.156937
1642,-0.260916,0.762757,0.696461
1643,-0.405641,0.756788,0.132254
1644,-0.537772,0.722389,0.380012
1645,-0.201502,0.491425,0.743329
1646,0.182211,0.205336,1.052788
1647,0.523143,0.04896,1.043632
1648,0.105428,-0.354169,0.850366
1649,0.056992,-0.56864,1.089227
1650,0.098386,-0.588162,1.122709
1651,0.040226,-0.697457,1.138555
1652,-0.009307,-0.668682,1.240402
1653,0.062692,-0.636755,1.157552
1654,0.130645,-0.659582,0.875098
1655,0.003546,-0.401142,0.306641
1656,-0.023381,-0.035329,0.057029
1657,-0.124137,0.543072,-0.301446
1658,0.530149,0.883471,-0.635605
1659,0.633107,0.418267,-0.023852
1660,0.395226,0.108171,-0.408291
1661,0.384351,-0.113813,0.104656
1662,0.233038,0.588121,0.78594
1663,-0.175936,2.745489,0.103483
1664,-0.801784,0.321495,0.820734
1665,-0.572191,-1.128679,1.185362
1666,-0.058468,0.100371,1.556796
1667,-0.091024,0.580831,1.28995
1668,0.167877,1.100616,0.876682
1669,0.604114,0.919356,0.859379
1670,0.469273,0.200805,0.333947
1671,0.372586,0.173426,0.318449
1672,0.22953,0.06778,0.17809
1673,0.250784,-0.091362,0.46802
1674,0.166425,-0.182689,0.379111
1675,0.099926,-0.333384,0.375269
1676,0.139543,-0.445068,0.28886
1677,0.09308,-0.450492,0.14126
1678,-0.165591,-0.327343,-0.185759
1679,-0.328485,-0.273082,0.096149
1680,-0.220462,-0.259822,0.299249
1681,0.300255,0.236086,-0.17198
1682,0.620794,0.250924,-0.612663
1683,0.620348,0.195074,-0.225452
1684,0.16912,0.400388,0.277565
1685,0.244683,0.314685,0.304781
1686,0.106218,0.522296,-0.130407
1687,0.259094,0.644054,-0.342689
1688,0.491113,0.887349,-0.281648
1689,0.425124,0.838692,-0.170679
1690,0.013623,0.264978,0.23677
1691,-0.120196,0.334468,0.805286
1692,-0.090059,0.635841,1.15499
1693,-0.312394,0.921261,0.895185
1694,-0.428812,0.580649,0.243183
1695,-0.575659,0.667482,0.241788
1696,-0.389051,0.630827,0.511425
1697,0.189737,0.429934,0.926134
1698,0.33184,-0.012891,1.118676
1699,-0.031923,-0.299399,0.790734
1700,-0.059237,-0.444623,0.97711
1701,0.10111,-0.464273,1.00141
1702,0.072163,-0.539489,0.96458
1703,0.033574,-0.552042,1.098655
1704,0.081039,-0.548383,1.18627
1705,0.178733,-0.548648,1.129934
1706,0.229062,-0.549271,0.81706
1707,0.250777,-0.518154,0.246551
1708,0.046665,-0.010334,-0.445509
1709,0.131322,1.921393,-1.483866
1710,0.527666,1.62522,-0.889641
1711,0.248323,-0.013648,-0.135244
1712,-0.021706,-0.223478,0.043782
1713,-0.077886,0.888669,0.359096
1714,-0.155213,3.093554,-0.38888
1715,-0.710133,-0.99781,2.047071
1716,-0.638427,-1.640469,1.859481
1717,0.131008,0.098646,0.840141
1718,-0.127584,0.634469,1.858726
1719,0.109914,0.972673,0.607577
1720,0.41965,0.747793,0.690355
1721,0.517423,0.480077,0.874585
1722,0.405748,0.246262,0.595892
1723,0.055676,0.073614,0.26564
1724,0.122793,-0.074983,0.199767
1725,0.193768,-0.125167,0.239426
1726,0.213418,-0.135444,0.293236
1727,0.340465,-0.256302,0.389718
1728,0.104535,-0.475629,0.114861
1729,-0.086372,-0.368283,0.012481
1730,-0.465564,-0.268806,-0.159925
1731,-0.379128,-0.184994,0.359965
1732,-0.088174,-0.062205,0.242514
1733,0.652821,0.184733,-0.359507
1734,0.665793,0.185941,-0.396909
1735,0.179458,0.282887,-0.103235
1736,0.34722,0.39762,0.21419
1737,0.34877,0.397825,0.204734
1738,0.397055,0.566748,-0.414274
1739,0.34157,0.948472,-0.390293
1740,0.367647,0.968442,-0.243687
1741,0.085736,0.478266,0.216616
1742,-0.185493,0.24937,0.883143
1743,-0.163158,0.521168,1.253675
1744,-0.261806,0.963454,1.003943
1745,-0.456141,0.683483,0.217223
1746,-0.506929,0.731548,0.244475
1747,-0.43838,0.687161,0.5853
1748,0.08725,0.531662,0.769582
1749,0.40834,0.125753,1.093621
1750,0.060037,-0.293543,0.88708
1751,-0.002676,-0.400907,1.026936
1752,0.139777,-0.492281,1.076469
1753,-0.050777,-0.658459,1.086201
1754,-0.062543,-0.67343,1.255669
1755,0.046863,-0.615925,1.236969
1756,0.194113,-0.622266,1.015008
1757,0.323128,-0.597158,0.527408
1758,0.211042,-0.319378,-0.165378
1759,-0.488514,1.006401,-0.982557
1760,-0.028317,2.323626,-1.410386
1761,0.476131,1.583322,-0.53887
1762,0.061314,-0.14123,0.023076
1763,0.087381,-0.592161,0.156307
1764,-0.009987,1.194734,0.225114
1765,-0.624475,2.971771,-0.494362
1766,-0.611111,-1.528503,2.556282
1767,-0.420337,-1.029984,1.096201
1768,0.254815,0.456949,1.437462
1769,-0.018201,0.520517,1.683502
1770,0.330699,0.980177,0.503995
1771,0.384954,0.676401,0.82858
1772,0.321945,0.388846,0.827053
1773,0.19319,0.18631,0.463557
1774,0.00289,0.051365,0.286692
1775,0.167937,-0.006325,0.257561
1776,0.158139,-0.061063,0.29544
1777,0.234731,-0.136255,0.297994
1778,0.199322,-0.257672,0.259895
1779,0.080406,-0.303842,0.22358
1780,-0.037967,-0.416043,0.181743
1781,-0.337894,-0.217083,-0.031147
1782,-0.240921,-0.250628,0.249884
1783,-0.034972,-0.196243,0.362795
1784,0.447238,0.086469,-0.266961
1785,0.523708,0.143157,-0.322957
1786,0.453154,0.132253,-0.243367
1787,0.146976,0.414173,0.143108
1788,0.12763,0.485968,0.065261
1789,0.152709,0.576644,-0.133063
1790,0.460931,0.728839,-0.578219
1791,0.394628,0.839588,-0.419016
1792,0.36494,0.775245,-0.165105
1793,-0.171547,0.528287,1.107414
1794,-0.124727,0.686043,1.272968
1795,-0.265809,1.102794,1.087965
1796,-0.532977,0.837813,0.170708
1797,-0.548313,1.040043,0.239712
1798,-0.235204,0.584599,0.84289
1799,0.346506,0.362219,1.169009
1800,0.239299,-0.089695,0.923558
1801,-0.02378,-0.430143,0.917468
1802,0.001721,-0.508765,1.077336
1803,0.105974,-0.518748,1.135326
1804,0.022359,-0.660588,1.203756
1805,0.034894,-0.698955,1.269236
1806,0.083017,-0.673392,1.253555
1807,0.240028,-0.528203,0.967041
1808,0.253501,-0.521561,0.707415
1809,0.281952,-0.434607,0.319074
1810,-0.12559,0.881786,-1.276707
1811,-0.283137,2.22301,-1.343443
1812,0.19895,0.736007,-0.105191
1813,0.143074,-0.071799,0.054674
1814,0.203231,-0.201,-0.094284
1815,0.456391,-0.35442,0.20113
1816,0.280855,0.551194,1.09969
1817,-0.883159,2.988122,-0.477146
1818,-0.696931,-0.131458,1.217195
1819,-0.320639,-1.179746,1.621608
1820,0.151244,-0.03938,1.081665
1821,0.099391,0.431533,1.613712
1822,0.105391,0.650075,0.765725
1823,0.269742,0.785563,0.968843
1824,0.403175,0.671669,0.878965
1825,0.359534,0.280172,0.238206
1826,0.237711,0.099565,0.097447
1827,0.147071,-0.089902,0.315208
1828,0.157196,-0.152347,0.360395
1829,0.162678,-0.285369,0.410304
1830,0.184227,-0.401144,0.346036
1831,0.079638,-0.457494,0.294989
1832,-0.340733,-0.272723,-0.274728
1833,-0.449796,-0.196213,-0.252524
1834,-0.356296,-0.281238,0.153717
1835,0.25745,0.16472,-0.230677
1836,0.421527,0.197816,-0.521645
1837,0.52838,0.188276,-0.567666
1838,0.276379,0.451069,0.098896
1839,0.285259,0.394342,0.304622
1840,0.188755,0.477503,-0.255153
1841,0.382436,0.595108,-0.550698
1842,0.303078,0.741294,-0.492972
1843,0.328735,0.66037,-0.118916
1844,0.174213,0.219491,0.524019
1845,-0.019249,0.351157,1.044684
1846,-0.153452,0.855193,1.12642
1847,-0.349996,0.91032,0.542611
1848,-0.48586,0.784938,0.225185
1849,-0.503443,0.787997,0.422988
1850,-0.152335,0.588601,0.760885
1851,0.015221,0.510187,0.870453
1852,0.012042,-0.264794,0.949678
1853,-0.022164,-0.502304,0.976341
1854,0.016449,-0.540607,1.019082
1855,0.134186,-0.57475,1.063841
1856,0.040431,-0.656998,1.221487
1857,0.058347,-0.65689,1.263738
1858,0.178413,-0.614356,1.137449
1859,0.270643,-0.590609,0.734572
1860,0.31531,-0.552073,0.325539
1861,0.000433,0.5327,-0.797302
1862,-0.222948,1.98822,-1.406718
1863,0.014057,1.487791,-0.774637
1864,0.096204,0.058157,-0.032812
1865,0.164513,-0.449098,-0.036122
1866,-0.040992,0.686079,0.118347
1867,-0.53894,2.722739,-0.134927
1868,-0.267344,-0.292527,1.890033
1869,-0.26498,-1.171908,1.522217
1870,0.179529,0.332162,1.036294
1871,0.009704,0.566717,0.977782
1872,-0.038974,0.532383,0.947088
1873,0.148585,0.597396,1.04067
1874,0.253158,0.805474,0.840676
1875,0.261967,0.50667,0.51024
1876,0.3282,0.247443,0.202657
1877,0.321243,0.162284,0.246681
1878,0.32238,-0.011129,0.323315
1879,0.171325,-0.290866,0.400295
1880,0.04443,-0.425923,0.353251
1881,-0.00048,-0.448526,0.301251
1882,-0.109452,-0.314713,0.163826
1883,-0.440607,-0.233134,-0.191445
1884,-0.344386,-0.3309,0.21332
1885,0.13833,0.066709,0.041955
1886,0.470265,0.185043,-0.443582
1887,0.604936,0.251815,-0.439535
1888,0.293007,0.366818,-0.317019
1889,0.271969,0.43035,0.09901
1890,0.24601,0.509928,0.162862
1891,0.441028,0.753097,-0.119033
1892,0.524047,1.028776,-0.245829
1893,0.149611,0.93663,-0.262008
1894,-0.346174,0.124884,0.523096
1895,-0.128609,0.791394,1.203935
1896,-0.093331,0.910772,1.209149
1897,-0.323102,0.610934,0.59365
1898,-0.512187,0.685172,0.109767
1899,-0.487723,0.714699,0.249683
1900,-0.188171,0.361708,0.790364
1901,0.354245,0.289329,0.995437
1902,0.368746,0.078394,1.060637
1903,-0.033437,-0.367276,0.933259
1904,0.008456,-0.445448,1.04586
1905,0.016959,-0.524298,1.065829
1906,0.024336,-0.679554,1.154083
1907,0.031626,-0.686386,1.21498
1908,0.092739,-0.624302,1.225064
1909,0.240511,-0.55908,0.9939
1910,0.307569,-0.530739,0.744031
1911,0.339394,-0.372507,0.009944
1912,-0.528925,1.335129,-1.338869
1913,0.04981,1.717502,-0.826274
1914,0.247861,0.544282,0.10098
1915,-0.020916,-0.042306,0.167591
1916,-0.403544,0.07385,-0.087997
1917,-0.47703,0.812636,-0.187717
1918,0.038266,2.351255,0.356496
1919,-0.163397,-2.149647,2.93319
1920,-0.44571,-1.882189,2.250158
1921,0.304781,0.731237,1.593129
1922,0.179486,0.742813,0.867831
1923,0.3005,0.683734,0.608147
1924,0.277842,0.445783,0.740342
1925,0.239452,0.514925,0.929584
1926,0.176195,0.280313,0.56988
1927,0.07992,0.122261,0.210091
1928,0.202005,0.052647,0.202155
1929,0.304991,0.012011,0.317094
1930,0.263021,-0.169989,0.396858
1931,0.155048,-0.206517,0.302018
1932,-0.111104,-0.297883,0.138833
1933,-0.182367,-0.335098,0.256491
1934,-0.262925,-0.331576,0.139232
1935,-0.327707,-0.230557,0.2336
1936,-0.019753,0.047624,0.135035
1937,0.266453,0.164488,-0.236355
1938,0.489801,0.187908,-0.366493
1939,0.299548,0.317467,-0.201791
1940,0.191853,0.444934,-0.02716
1941,0.206019,0.43489,0.188344
1942,0.128614,0.57119,-0.023339
1943,0.352367,0.598218,-0.341358
1944,0.368571,0.830767,-0.417508
1945,0.087329,0.569727,-0.132912
1946,0.023353,0.033825,0.622645
1947,-0.054191,0.497733,1.224049
1948,-0.14629,0.825997,1.004726
1949,-0.325072,0.62636,0.425952
1950,-0.40396,0.551109,0.283221
1951,-0.544375,0.55478,0.514595
1952,-0.207915,0.480104,0.758863
1953,-0.041896,0.432481,0.846105
1954,0.23389,-0.125863,0.901853
1955,0.076087,-0.372254,0.965137
1956,0.072304,-0.441876,0.998331
1957,0.146235,-0.519828,0.975458
1958,0.021474,-0.524652,1.095278
1959,0.020005,-0.51727,1.177038
1960,0.088215,-0.554788,1.199952
1961,0.180045,-0.536504,0.729438
1962,0.187385,-0.560472,0.70421
1963,0.069213,-0.219956,-0.018463
1964,-0.421986,1.072998,-0.871752
1965,-0.337376,2.032073,-1.487874
1966,0.407126,0.552526,-0.19971
1967,0.117663,-0.115769,-0.065544
1968,0.114291,-0.093855,-0.040545
1969,0.10533,0.535694,0.473602
1970,-0.672598,3.14465,0.08849
1971,-0.340991,-0.440171,1.652897
1972,-0.294198,-0.568348,1.040443
1973,0.036093,0.647618,1.69418
1974,-0.026392,0.537523,1.605003
1975,0.192744,0.770259,0.962058
1976,0.405384,1.040702,0.932798
1977,0.413843,0.625336,0.691633
1978,0.224827,0.162796,0.305559
1979,0.134843,0.068739,0.257854
1980,0.179054,0.047536,0.382567
1981,0.179256,-0.295911,0.479189
1982,0.083547,-0.300744,0.367009
1983,0.029363,-0.362034,0.234694
1984,-0.047277,-0.279111,-0.091025
1985,-0.392295,-0.246396,-0.233211
1986,-0.482839,-0.213581,-0.041663
1987,0.04092,-0.171462,0.380398
1988,0.276235,-0.021399,0.075789
1989,0.409647,0.052833,-0.152404
1990,0.331862,0.267602,-0.31086
1991,0.14045,0.492697,-0.011109
1992,0.13887,0.489439,0.04633
1993,0.297712,0.679149,-0.019196
1994,0.623972,0.735991,-0.274169
1995,0.738371,0.868087,-0.115073
1996,-0.289193,0.531951,-0.051054
1997,-0.294119,0.1026,0.586383
1998,5.20E-05,0.707543,1.251123
1999,-0.125875,0.80297,0.991198
2000,-0.280512,0.717477,0.491098
2001,-0.455022,0.62253,0.127213
2002,-0.577056,0.728772,0.491094
2003,-0.140862,0.430926,0.895369
2004,0.234237,0.454635,0.893458
2005,0.169223,-0.212047,1.000573
2006,0.035615,-0.420938,1.011075
2007,0.096376,-0.448667,1.025881
2008,0.125929,-0.524702,1.027337
2009,0.012096,-0.563374,1.185491
2010,0.015433,-0.570333,1.265179
2011,0.158261,-0.557426,1.224921
2012,0.22251,-0.583001,1.074632
2013,0.271246,-0.577786,0.616279
2014,-0.030802,-0.030713,-0.345021
2015,-0.448018,0.680277,-0.684761
2016,-0.201254,1.999341,-1.312563
2017,0.375488,0.360295,-0.016213
2018,-0.090496,-0.255836,-0.106551
2019,0.046193,-0.374904,-0.064496
2020,0.082846,1.82863,-0.025616
2021,-0.383159,3.380115,-0.441235
2022,-0.229441,-0.308166,2.109363
2023,0.174841,0.139696,0.76493
2024,0.18584,0.718999,2.116713
2025,-0.057404,0.792474,2.023226
2026,0.269337,0.665113,0.644087
2027,0.302615,0.632099,0.953105
2028,0.266359,0.533287,0.926868
2029,0.168098,0.257243,0.451547
2030,0.116776,0.153415,0.182179
2031,0.254343,0.057201,0.189455
2032,0.213606,-0.189225,0.470573
2033,0.124634,-0.289509,0.337706
2034,0.044926,-0.355457,0.332503
2035,-0.041159,-0.42498,0.190715
2036,-0.267393,-0.427631,-0.10657
2037,-0.277442,-0.433448,-0.133959
2038,-0.362474,-0.268399,0.490525
2039,0.209357,0.218138,-0.125698
2040,0.369647,0.245748,-0.383821
2041,0.275955,0.241812,-0.293024
2042,0.172757,0.373233,-0.177522
2043,0.380105,0.42847,0.289637
2044,0.266857,0.502155,-0.014768
2045,0.451362,0.696022,-0.322766
2046,0.38582,0.791285,-0.346568
2047,0.011642,0.731625,-0.163008
2048,-0.199868,0.414343,0.154274
2049,-0.044488,0.540608,1.175792
2050,-0.062655,0.795477,1.182325
2051,-0.26764,0.899408,0.798624
2052,-0.55203,0.745492,0.12923
2053,-0.604234,0.771093,0.320321
2054,-0.403761,0.535917,0.71975
2055,-0.069951,0.399927,0.724339
2056,0.195884,-0.172713,0.90673
2057,-0.019633,-0.282442,0.91165
2058,-0.05366,-0.339255,1.014399
2059,0.036673,-0.549,1.060078
2060,0.061779,-0.599534,1.061231
2061,-0.01309,-0.631456,1.181947
2062,0.094594,-0.532503,1.234523
2063,0.163756,-0.525285,1.124724
2064,0.24874,-0.496659,0.750752
2065,0.188471,-0.365083,0.049437
2066,-0.301803,0.439349,-0.63191
2067,-0.337958,2.056165,-1.453429
2068,0.457203,1.309711,-0.336047
2069,0.301577,0.120379,-0.115078
2070,0.075574,-0.168096,-0.061347
2071,0.133482,0.149187,0.013876
2072,0.01744,2.604036,0.336992
2073,-0.462513,3.087285,-0.256062
2074,-0.858573,-1.927858,2.278066
2075,0.139334,0.622897,1.892354
2076,-0.005937,0.752145,2.205117
2077,0.119815,0.825554,0.760416
2078,0.483211,0.748787,0.939853
2079,0.468929,0.777248,0.995644
2080,0.277613,0.331144,0.529845
2081,0.042657,0.237293,0.217859
2082,0.064202,0.226904,0.196871
2083,0.216376,0.020052,0.3095
2084,0.155635,-0.237818,0.404818
2085,0.107766,-0.258384,0.296151
2086,0.019254,-0.492864,0.359244
2087,-0.16002,-0.351573,0.014766
2088,-0.466608,-0.267248,-0.120618
2089,-0.440826,-0.229771,0.292158
2090,0.01589,-0.033834,0.220566
2091,0.27902,0.129949,-0.237926
2092,0.489753,0.216862,-0.173766
2093,0.195009,0.316633,-0.156103
2094,0.149664,0.381961,0.088335
2095,0.163012,0.46703,0.242145
2096,0.317529,0.636477,0.068861
2097,0.480441,0.649051,-0.168141
2098,0.197571,0.909299,-0.356287
2099,-0.290365,0.399695,-0.132617
2100,-0.308203,0.089618,0.136981
2101,-0.027307,0.669426,1.237304
2102,-0.211492,0.793672,1.108866
2103,-0.298285,0.821355,0.965268
2104,-0.613493,0.585026,0.046418
2105,-0.622575,0.593856,0.416735
2106,-0.589959,0.605259,0.52608
2107,0.27291,0.283115,0.938304
2108,0.319849,-0.038301,1.067942
2109,0.09881,-0.159991,0.96866
2110,-0.015854,-0.332087,1.009446
2111,0.001563,-0.443726,0.996309
2112,0.035843,-0.454983,1.037905
2113,-0.017888,-0.472357,1.290246
2114,0.08569,-0.471269,1.274477
2115,0.1765,-0.552463,1.073383
2116,0.235398,-0.453485,0.516161
2117,0.23276,-0.252194,-0.277323
2118,-0.032097,0.127819,-0.64354
2119,-0.126865,1.514339,-0.949095
2120,0.219648,0.912097,-0.048626
2121,0.036521,0.164774,-0.194901
2122,0.050059,-0.417295,0.022622
2123,-0.243051,0.110438,0.325895
2124,-0.119463,1.543386,0.882982
2125,-0.999887,2.306166,-0.172254
2126,-0.110415,-1.208536,1.942475
2127,0.014947,-0.479788,1.017942
2128,0.02954,0.452289,1.642527
2129,-0.079546,0.639033,1.142758
2130,0.097662,1.000877,0.796922
2131,0.367599,0.898564,0.885136
2132,0.364274,0.278104,0.40991
2133,0.158722,0.118298,0.268406
2134,0.119467,0.038107,0.411376
2135,0.113095,-0.093496,0.403977
2136,0.134407,-0.194232,0.422487
2137,0.073383,-0.276324,0.412143
2138,-0.120669,-0.425889,0.204494
2139,-0.240092,-0.383817,-0.022718
2140,-0.555929,-0.233682,-0.230046
2141,-0.230581,-0.19036,0.410802
2142,0.017022,-0.085944,0.269851
2143,0.37667,0.173492,-0.357436
2144,0.528018,0.282504,-0.476513
2145,0.233499,0.286131,-0.170639
2146,0.160939,0.298074,0.263005
2147,0.0811,0.487399,0.093947
2148,0.048316,0.610518,-0.177894
2149,0.447285,0.732693,-0.392932
2150,0.314163,0.889028,-0.219085
2151,0.159903,0.300889,0.397557
2152,-0.17472,0.634502,1.224763
2153,-0.226388,0.907219,1.268528
2154,-0.312646,1.103355,1.201207
2155,-0.613286,0.80764,0.214599
2156,-0.701415,0.911604,0.511595
2157,-0.577638,0.771621,0.627655
2158,-0.055666,0.354696,1.24676
2159,0.055657,-0.074494,0.847493
2160,-0.081562,-0.129473,0.841419
2161,-0.002329,-0.433609,1.124767
2162,-0.044858,-0.517582,1.038837
2163,-0.086516,-0.610678,1.176734
2164,-0.044717,-0.633612,1.298508
2165,0.071332,-0.594792,1.250212
2166,0.147703,-0.569879,1.164827
2167,0.283821,-0.486623,0.575976
2168,0.27565,-0.266345,-0.132343
2169,-0.335904,0.813781,-0.947358
2170,-0.077376,1.91556,-1.21708
2171,0.279125,0.620391,0.082043
2172,-0.026711,0.241847,0.005532
2173,-0.329485,-0.146531,0.155498
2174,0.115388,0.644193,0.272567
2175,0.261998,1.607718,0.287269
2176,-0.928391,2.335121,-0.183935
2177,-0.651039,-1.245871,1.955486
2178,-0.686263,-1.277516,1.934373
2179,0.00954,0.629679,1.891909
2180,0.051048,0.552221,0.804758
2181,0.186411,0.500136,0.735196
2182,0.414553,1.043732,1.177189
2183,0.368716,0.449506,0.24831
2184,0.347833,0.332531,0.001161
2185,0.270821,0.197095,0.2906
2186,0.095971,-0.11402,0.500739
2187,0.094297,-0.243844,0.481234
2188,0.043893,-0.309462,0.4777
2189,-0.127742,-0.311924,0.214549
2190,-0.219538,-0.298974,0.039331
2191,-0.401408,-0.296767,0.017268
2192,-0.470607,-0.257272,0.320053
2193,-0.412909,-0.276518,0.421146
2194,0.15292,0.084168,0.036636
2195,0.398511,0.193492,-0.290833
2196,0.515685,0.267944,-0.228336
2197,-0.018476,0.465481,-0.114536
2198,0.119696,0.361724,0.209922
2199,0.185136,0.396602,0.227249
2200,0.356612,0.660835,-0.131356
2201,0.407726,0.690245,-0.253011
2202,0.283258,0.76357,-0.18127
2203,-0.390614,0.27294,0.068835
2204,-0.330325,0.230815,0.58615
2205,-0.110283,0.572715,1.050792
2206,-0.268852,0.93604,1.122559
2207,-0.39453,0.660445,0.525181
2208,-0.63861,0.70369,0.169787
2209,-0.840387,0.586211,0.548319
2210,-0.149036,0.463354,0.938965
2211,0.093925,0.327917,1.01297
2212,0.052215,-0.13195,0.901363
2213,0.008589,-0.268033,0.927543
2214,0.004455,-0.408158,0.995723
2215,-0.000959,-0.619039,1.131163
2216,-0.030744,-0.596229,1.259595
2217,0.010668,-0.580184,1.272521
2218,0.166356,-0.544044,1.029053
2219,0.244139,-0.471719,0.509194
2220,0.22273,-0.511621,0.48196
2221,-0.420021,0.977742,-0.869242
2222,-0.077595,1.865702,-0.894849
2223,-0.049704,1.877704,-0.888683
2224,0.025981,0.367513,-0.043675
2225,-0.090404,-0.274901,-0.015129
2226,-0.067874,-0.167595,0.153383
2227,-0.154828,1.40693,0.185829
2228,-0.25023,0.747523,0.876985
2229,0.076282,-1.834367,3.09487
2230,-0.366705,-1.095848,1.148263
2231,-0.028406,0.977253,2.068711
2232,-0.130657,0.909501,1.476862
2233,0.132457,0.767153,0.604321
2234,0.299969,0.620353,1.028782
2235,0.265195,0.562746,0.910316
2236,0.078914,0.175696,0.163062
2237,0.14331,0.148611,0.277994
2238,0.214008,0.08056,0.335145
2239,0.229021,-0.167973,0.410644
2240,0.088245,-0.212947,0.474298
2241,-0.070104,-0.353257,0.500388
2242,-0.254747,-0.214606,0.146279
2243,-0.314773,-0.245689,0.068049
2244,-0.596664,-0.228004,0.065044
2245,-0.28514,-0.215951,0.32151
2246,0.087139,0.109574,-0.031576
2247,0.299927,0.233261,-0.34437
2248,0.284229,0.275649,-0.112712
2249,-0.054555,0.431168,-0.072602
2250,0.102821,0.416595,0.274993
2251,0.089225,0.530399,0.022593
2252,0.204983,0.537518,-0.388442
2253,0.322166,0.547404,-0.375325
2254,0.245373,0.70153,-0.234353
2255,0.135429,0.4401,0.31096
2256,-0.146354,0.324168,0.965179
2257,-0.201373,0.615585,1.273417
2258,-0.295357,0.90686,1.038523
2259,-0.47118,0.650388,0.330309
2260,-0.445403,0.842909,0.291772
2261,-0.232837,0.513421,0.900671
2262,-0.263161,0.534056,0.928543
2263,0.251813,0.136486,1.005025
2264,-0.013739,-0.095487,0.897839
2265,-0.103405,-0.3397,1.042275
2266,-0.004588,-0.402407,1.090437
2267,-0.023761,-0.433285,1.122118
2268,-0.084788,-0.522309,1.216517
2269,-0.072092,-0.567272,1.208884
2270,0.04035,-0.49167,1.061067
2271,0.030207,-0.498849,0.896953
2272,-0.096064,-0.40009,0.512875
2273,-0.135631,0.779983,-0.390168
2274,-0.17244,1.400222,-0.993715
2275,0.290759,1.248219,-0.907089
2276,0.388598,0.166645,0.108094
2277,0.320728,0.170531,-0.062193
2278,0.18116,0.036843,0.712407
2279,0.00939,0.229169,0.80148
2280,-0.651072,2.229614,-0.054561
2281,-1.104857,2.123156,0.117568
2282,-0.728862,-1.844538,2.429528
2283,-0.663698,-1.56659,1.538154
2284,0.065007,0.426603,1.876978
2285,-0.070955,0.567447,1.653336
2286,0.066586,1.428166,0.953145
2287,0.566345,0.458484,0.312211
2288,0.307525,0.223469,0.292759
2289,-0.154944,0.046912,0.434962
2290,-0.043662,-0.013052,0.353978
2291,0.059924,-0.098431,0.54769
2292,0.077495,-0.131546,0.581435
2293,0.150199,-0.331199,0.493334
2294,-0.056702,-0.389367,0.1271
2295,-0.342014,-0.19764,-0.171332
2296,-0.513956,-0.211002,0.195246
2297,-0.446474,-0.215675,0.353477
2298,-0.264667,-0.182661,0.4014
2299,0.153438,0.090417,-0.194336
2300,0.094555,0.280098,0.032754
2301,0.104914,0.278925,0.009982
2302,-0.143841,0.359447,0.045843
2303,0.064077,0.3118,0.0872
2304,0.038937,0.458203,-0.043821
2305,0.293905,0.561562,-0.318773
2306,0.296381,0.670189,-0.226055
2307,0.216791,0.721789,-0.146322
2308,-0.272081,0.215614,0.210181
2309,-0.133313,0.434293,1.000149
2310,-0.056084,0.59805,1.280556
2311,-0.350727,0.865937,0.816742
2312,-0.36907,0.816371,0.27057
2313,-0.382279,0.840239,0.309482
2314,-0.395499,0.707406,0.54802
2315,-0.059288,0.394396,0.879091
2316,0.100698,0.19396,1.052799
2317,-0.145668,-0.156934,0.903621
2318,-0.126136,-0.375162,1.036249
2319,-0.017513,-0.370597,1.101958
2320,-0.096001,-0.42322,1.090506
2321,-0.200391,-0.554377,1.190054
2322,-0.089661,-0.506077,1.274412
2323,0.026756,-0.479474,1.199047
2324,0.086217,-0.465002,0.880165
2325,0.063844,-0.373875,0.218439
2326,-0.100507,0.337272,-0.501544
2327,-0.278247,1.14736,-0.9362
2328,0.101492,1.844047,-1.080588
2329,0.23651,0.269923,0.027002
2330,-0.035297,-0.048986,-0.052846
2331,0.11779,-0.252448,0.087765
2332,-0.08951,0.696409,0.670302
2333,-0.165204,1.341431,1.112321
2334,-0.767646,0.927186,0.949955
2335,-0.205655,-1.267679,1.916247
2336,-0.016817,-0.210937,1.102362
2337,-0.017257,0.281628,1.662789
2338,-0.135233,0.74908,1.069957
2339,0.152804,1.190195,1.12805
2340,0.31345,1.138705,1.020671
2341,0.472585,0.214795,-0.028474
2342,0.286476,0.146687,0.270874
2343,0.252386,0.047241,0.399805
2344,0.14421,-0.290263,0.699775
2345,-0.034571,-0.215443,0.625906
2346,-0.143319,-0.342841,0.249055
2347,-0.335666,-0.279532,-0.121523
2348,-0.499531,-0.291445,-0.091277
2349,-0.499353,-0.29684,-0.114775
2350,-0.027882,0.046814,0.526726
2351,0.289507,0.257798,-0.100734
2352,0.317385,0.251283,-0.147349
2353,-0.136773,0.271443,-0.316517
2354,0.314551,0.464397,0.172294
2355,0.31407,0.465025,0.180647
2356,0.140424,0.382152,0.433391
2357,0.144222,0.527064,-0.243814
2358,0.108809,0.558474,-0.279061
2359,0.152553,0.642441,-0.208929
2360,0.027714,0.40107,0.114316
2361,-0.06781,0.193386,0.324254
2362,-0.039388,0.32603,0.883065
2363,-0.137844,0.898125,1.22817
2364,-0.262704,0.906081,1.003193
2365,-0.378528,0.745198,0.303121
2366,-0.644729,0.72607,0.505617
2367,-0.272907,0.359827,0.831624
2368,0.18841,0.263395,0.950571
2369,0.297063,0.111615,1.002096
2370,-0.049621,-0.254122,0.923863
2371,0.023572,-0.345314,1.078663
2372,0.032796,-0.411643,1.104674
2373,-0.095842,-0.467902,1.136606
2374,-0.093195,-0.479606,1.271674
2375,0.003995,-0.465924,1.255188
2376,0.099938,-0.481846,1.190848
2377,0.195071,-0.414295,0.693294
2378,0.235903,-0.173133,-0.097587
2379,0.034521,0.160857,-0.577301
2380,-0.231241,1.996773,-1.1631
2381,0.263902,1.034219,-0.08817
2382,0.248411,0.531791,0.115107
2383,-0.064439,-0.022545,0.228763
2384,-0.067965,-0.049943,0.432327
2385,-0.012113,0.452108,0.268292
2386,-0.387985,1.88988,0.375649
2387,-0.854101,-0.447118,1.502355
2388,-0.527178,-1.062649,1.824308
2389,0.106796,0.20671,1.363739
2390,-0.117366,0.478582,1.190233
2391,-0.03213,0.64206,0.878837
2392,0.276297,1.02067,1.034705
2393,0.308708,0.522926,0.657426
2394,0.196576,0.254974,0.260217
2395,0.124096,0.153777,0.29189
2396,0.163775,-0.08083,0.478537
2397,0.12779,-0.163282,0.472911
2398,0.046743,-0.158957,0.462618
2399,-0.033967,-0.34201,0.345741
2400,-0.083648,-0.359142,0.294877
2401,-0.428552,-0.256451,-0.052839
2402,-0.478315,-0.164525,0.361027
2403,-0.204668,-0.019486,0.336268
2404,0.075117,0.140473,0.065976
2405,0.280965,0.173711,-0.179608
2406,0.376025,0.192982,-0.062658
2407,0.249439,0.412934,-0.010177
2408,0.202729,0.370637,0.23132
2409,0.015348,0.566965,0.101144
2410,0.081105,0.541352,-0.24986
2411,0.256195,0.668365,-0.228185
2412,0.127888,0.715321,-0.219002
2413,-0.045155,0.33362,0.094946
2414,-0.007127,0.452038,1.035877
2415,0.054658,0.5846,1.311071
2416,-0.149752,0.876034,1.191845
2417,-0.332681,0.728379,0.256509
2418,-0.40595,0.712618,0.256148
2419,-0.310292,0.547795,0.788028
2420,-0.217358,0.393972,0.849901
2421,0.085773,0.196992,0.837805
2422,0.020983,-0.166811,1.088683
2423,-0.048219,-0.329498,0.95455
2424,-0.005034,-0.4084,1.08391
2425,-0.018959,-0.439367,1.062608
2426,-0.028213,-0.453751,1.202377
2427,0.012254,-0.472405,1.237583
2428,0.083212,-0.457561,1.119854
2429,0.183599,-0.402845,0.842999
2430,0.238548,-0.248276,0.233936
2431,-0.310148,1.021792,-0.775764
2432,-0.323304,1.690998,-1.105084
2433,-0.10679,1.719417,-0.881793
2434,0.278003,0.336945,0.057546
2435,0.025874,-0.146532,-0.052157
2436,0.055579,-0.021748,0.019851
2437,0.034797,1.513532,0.126695
2438,0.064519,2.506044,0.238553
2439,-0.650849,0.926066,0.526214
2440,-0.196252,-0.314603,0.007531
2441,0.330689,0.96998,2.160047
2442,0.244638,0.926045,2.133657
2443,0.236351,0.781179,0.527204
2444,0.230644,0.494629,0.890695
2445,0.136932,0.424619,0.897714
2446,0.168204,0.362222,0.581426
2447,0.073281,0.13798,0.214772
2448,0.114584,0.127713,0.195445
2449,0.115605,0.000338,0.371208
2450,0.241524,-0.053306,0.40523
2451,0.184402,-0.189223,0.395885
2452,0.040315,-0.343241,0.391759
2453,-0.148836,-0.316182,0.153409
2454,-0.289942,-0.265201,0.068208
2455,-0.542928,-0.134573,0.296219
2456,-0.110032,0.048443,0.383657
2457,0.093113,0.172168,0.205744
2458,0.415651,0.110782,-0.206406
2459,0.271228,0.348173,-0.085235
2460,0.144059,0.478049,-0.136878
2461,0.065287,0.448959,0.141709
2462,0.04293,0.539585,0.007931
2463,0.163332,0.5675,-0.132823
2464,0.351853,0.670287,-0.120893
2465,0.318368,0.658695,-0.113458
2466,0.071698,0.333176,0.181307
2467,-0.079597,0.451052,0.905493
2468,-0.056697,0.66101,1.202285
2469,-0.294637,0.816855,0.893051
2470,-0.388871,0.490907,0.445212
2471,-0.416627,0.721407,0.272173
2472,-0.340894,0.530887,0.696407
2473,0.066574,0.249503,0.947131
2474,0.28719,0.019133,1.050228
2475,-0.004965,-0.165886,0.869804
2476,-0.006004,-0.319924,1.06818
2477,0.015867,-0.338322,1.053329
2478,-0.003235,-0.353471,1.049044
2479,-0.07006,-0.426471,1.194049
2480,-0.06019,-0.474863,1.221359
2481,0.028215,-0.468362,1.180391
2482,0.106199,-0.424282,0.699582
2483,0.141908,-0.164746,0.227015
2484,0.044967,0.129858,-0.107985
2485,-0.029759,1.273278,-0.978925
2486,0.363578,1.638258,-0.819901
2487,0.455108,0.63744,-0.019181
2488,0.148035,0.094525,-0.097111
2489,0.188242,-0.117176,0.129772
2490,-0.155543,1.377818,0.431404
2491,-0.155274,3.495528,-0.235988
2492,-1.014144,-2.270801,3.032285
2493,-1.002239,-2.277776,3.024083
2494,0.284429,0.591586,2.129794
2495,-0.236725,1.156567,1.353704
2496,-0.058293,1.34994,0.695633
2497,0.456519,0.702164,0.689871
2498,0.288763,0.217494,0.749635
2499,0.306823,0.20677,0.733879
2500,0.048757,0.08528,0.180266
2501,0.145685,0.052484,0.442061
2502,0.182916,0.031787,0.39959
2503,0.207415,-0.116856,0.423689
2504,0.195738,-0.215457,0.441333
2505,0.14602,-0.275181,0.34748
2506,-0.125456,-0.261086,0.163176
2507,-0.403834,-0.091115,0.187986
2508,-0.396436,-0.06694,0.308185
2509,-0.26339,-0.099741,0.429326
2510,0.239562,0.106849,-0.016492
2511,0.381099,0.066853,-0.117377
2512,0.507739,0.204642,0.045322
2513,0.173347,0.468188,0.080532
2514,0.152782,0.465375,0.249592
2515,0.19987,0.479168,-0.081999
2516,0.401997,0.531418,-0.180323
2517,0.48174,0.603595,-0.209419
2518,0.045172,0.629782,-0.097241
2519,-0.079611,0.353563,0.077611
2520,-0.181069,0.050899,0.510599
2521,-0.204812,0.814068,1.160835
2522,-0.291636,0.863234,1.037359
2523,-0.446734,0.516907,0.487545
2524,-0.45259,0.73208,0.22616
2525,-0.219886,0.677935,0.568165
2526,0.10136,0.441913,0.941548
2527,0.236631,-0.005998,0.935012
2528,0.018171,-0.137283,0.94302
2529,-0.011814,-0.258473,1.079485
2530,0.012371,-0.370786,0.978166
2531,-0.007794,-0.404028,0.999321
2532,-0.069393,-0.468207,1.129717
2533,0.020123,-0.4896,1.192083
2534,0.083364,-0.469616,1.108118
2535,0.149451,-0.487034,0.889781
2536,0.140435,-0.436861,0.517214
2537,-0.060235,-0.045331,0.013134
2538,-0.320924,1.167421,-0.92737
2539,0.10136,2.536352,-1.013029
2540,0.169481,0.197101,-0.082153
2541,-0.018486,-0.32999,0.063803
2542,0.098862,-0.64263,0.217054
2543,-0.071979,1.929726,-0.043511
2544,-0.094038,1.924119,-0.043386
2545,-0.299976,0.302406,0.965544
2546,-0.631135,-1.366779,1.070291
2547,-0.13839,-0.740037,-0.132255
2548,-0.071651,1.011373,1.930221
2549,0.26298,1.591524,0.482211
2550,0.247538,1.544642,0.425546
2551,0.418365,0.47496,0.705624
2552,0.131745,0.050698,0.634368
2553,0.113724,-0.021127,0.668921
2554,-0.014066,-0.037865,0.495763
2555,0.102043,0.106255,0.404484
2556,0.184717,0.007187,0.517555
2557,0.088192,-0.208382,0.188354
2558,0.009317,-0.28091,0.089006
2559,-0.087852,-0.292553,0.063672
2560,-0.435006,-0.140077,0.302428
2561,-0.366032,-0.190153,0.479363
2562,-0.195561,-0.112308,0.396946
2563,0.168687,0.056906,0.029357
2564,0.315223,0.066137,-0.167036
2565,0.484443,0.123322,-0.12969
2566,0.154263,0.459916,0.001768
2567,0.109297,0.403538,0.255869
2568,-0.033151,0.367928,0.064166
2569,0.136243,0.541806,-0.353264
2570,0.371535,0.657338,-0.377515
2571,0.380338,0.716878,0.02808
2572,0.125964,0.245857,0.571442
2573,-0.172843,0.507502,1.221778
2574,-0.219676,0.72879,1.344186
2575,-0.289982,0.949072,0.973794
2576,-0.287056,0.81523,0.317014
2577,-0.208008,0.701883,0.44521
2578,-0.135887,0.543055,0.725085
2579,0.16267,0.326451,1.07214
2580,0.106136,0.1097,0.696261
2581,-0.166931,-0.389838,1.157003
2582,-0.111914,-0.454795,1.120959
2583,-0.025449,-0.444577,1.044371
2584,0.073796,-0.49385,1.010988
2585,0.033017,-0.482363,1.195499
2586,0.106531,-0.436305,1.214472
2587,0.120569,-0.390209,1.113766
2588,0.174264,-0.386478,0.844011
2589,0.093015,-0.365704,0.678618
2590,-0.037847,0.086703,-0.08089
2591,-0.20414,1.949045,-1.127541
2592,-0.198379,1.954689,-1.123456
2593,0.498084,0.562227,-0.191144
2594,0.160386,-0.003206,0.179217
2595,0.170979,0.010757,0.18858
2596,0.184244,1.873106,0.413562
2597,-0.600005,2.635068,0.278844
2598,-1.052836,1.83898,0.894979
2599,-0.101174,-0.815235,0.822096
2600,0.231476,0.388986,1.65104
2601,0.008492,0.786643,1.443321
2602,-0.020889,1.418967,1.055669
2603,0.558651,0.492793,0.841265
2604,0.474577,0.357451,0.684757
2605,0.473172,0.105058,0.650628
2606,0.163561,0.091739,0.659836
2607,0.104662,0.099614,0.645254
2608,0.045921,-0.042736,0.591931
2609,0.108684,-0.201599,0.257978
2610,0.073413,-0.206387,0.252106
2611,0.055741,-0.233657,0.1667
2612,-0.031329,-0.107221,0.034072
2613,-0.128635,-0.069481,-0.024583
